-- phpMyAdmin SQL Dump
-- version 4.4.14
-- http://www.phpmyadmin.net
--
-- Gép: 127.0.0.1
-- Létrehozás ideje: 2018. Ápr 23. 08:33
-- Kiszolgáló verziója: 5.6.26
-- PHP verzió: 5.6.12

SET SQL_MODE = "NO_AUTO_VALUE_ON_ZERO";
SET time_zone = "+00:00";


/*!40101 SET @OLD_CHARACTER_SET_CLIENT=@@CHARACTER_SET_CLIENT */;
/*!40101 SET @OLD_CHARACTER_SET_RESULTS=@@CHARACTER_SET_RESULTS */;
/*!40101 SET @OLD_COLLATION_CONNECTION=@@COLLATION_CONNECTION */;
/*!40101 SET NAMES utf8mb4 */;

--
-- Adatbázis: `gamfyachtclub`
--
CREATE DATABASE IF NOT EXISTS `gamfyachtclub` DEFAULT CHARACTER SET latin1 COLLATE latin1_swedish_ci;
USE `gamfyachtclub`;

-- --------------------------------------------------------

--
-- Tábla szerkezet ehhez a táblához `endevice`
--

DROP TABLE IF EXISTS `endevice`;
CREATE TABLE IF NOT EXISTS `endevice` (
  `device_id` int(4) NOT NULL,
  `type` varchar(20) NOT NULL,
  `hire` int(1) NOT NULL DEFAULT '1',
  `busy` int(1) NOT NULL DEFAULT '0',
  `daly_price` int(20) DEFAULT NULL,
  `max_lenght` varchar(3) NOT NULL,
  `max_weight` int(3) NOT NULL,
  `ower` int(4) NOT NULL,
  `renter` int(4) DEFAULT NULL,
  `hide` int(1) DEFAULT '0'
) ENGINE=InnoDB DEFAULT CHARSET=utf8;

--
-- A tábla adatainak kiíratása `endevice`
--

INSERT INTO `endevice` (`device_id`, `type`, `hire`, `busy`, `daly_price`, `max_lenght`, `max_weight`, `ower`, `renter`, `hide`) VALUES
(1, 'VCHJ 150', 1, 0, NULL, '0', 15, 1, NULL, 0),
(2, 'JHB 10', 1, 0, NULL, '0', 15, 1, NULL, 0),
(3, 'BNMV 123', 1, 1, NULL, '0', 20, 1, 5, 0),
(4, 'BHJF 25', 1, 0, NULL, '0', 25, 1, NULL, 0),
(5, 'BHJF 25', 1, 0, NULL, '0', 25, 5, NULL, 0),
(6, 'BHJF 25', 1, 0, NULL, '0', 25, 2, NULL, 0),
(7, 'BHJF 25', 1, 0, NULL, '0', 25, 4, NULL, 0),
(8, 'BHJF 25', 1, 0, NULL, '0', 25, 3, NULL, 0),
(9, 'NGKJ 120', 1, 0, NULL, '0', 12, 0, NULL, 0),
(10, 'MNV 12', 1, 0, NULL, '0', 120, 0, NULL, 0),
(11, 'BVS 30', 1, 1, NULL, '0', 30, 0, 3, 0),
(12, 'DDFR 30', 1, 0, NULL, '0', 15, 0, NULL, 0),
(13, 'BVFS 85', 1, 1, NULL, '0', 30, 5, 1, 0),
(14, 'BVFS 85', 1, 0, NULL, '0', 30, 4, NULL, 0),
(15, 'BVFS 85', 1, 0, NULL, '0', 30, 2, NULL, 0),
(16, 'BVFS 85', 1, 0, NULL, '0', 30, 3, NULL, 0);

-- --------------------------------------------------------

--
-- Tábla szerkezet ehhez a táblához `enlogin`
--

DROP TABLE IF EXISTS `enlogin`;
CREATE TABLE IF NOT EXISTS `enlogin` (
  `login_id` int(4) NOT NULL,
  `login_name` varchar(25) NOT NULL,
  `password` varchar(500) NOT NULL,
  `email` varchar(30) NOT NULL,
  `theme` int(1) NOT NULL DEFAULT '1',
  `admin` int(1) NOT NULL,
  `last_login` datetime NOT NULL DEFAULT CURRENT_TIMESTAMP
) ENGINE=InnoDB DEFAULT CHARSET=utf8;

--
-- A tábla adatainak kiíratása `enlogin`
--

INSERT INTO `enlogin` (`login_id`, `login_name`, `password`, `email`, `theme`, `admin`, `last_login`) VALUES
(0, 'admin', 'MxDbc2/naanT/2TMBka31I3E0kg91GVVwayjqDNeP5oXB5d3C5ydc0A2PdBkNP445HGeXaGKa2Po/POPqfxl1ZDbpd8+eL3zj+7lelQAnM+xZQHxywERAxVThD3gEM51qc1NmiLapq03zoO9txMXjUBCc+Eit6UcgmmV4jsnYlM=', 'YachtClub@Infok.hu', 1, 1, '2018-04-10 20:58:07'),
(1, 'jacjozs', 'zd7WLm0bocg/yC9T2YURaSpinxsgU33jd/V2OOFpFdSFJQCw55J1inc+eBtHYr74O4EjVUWlqBC7tprfwA5lYdlMBqYs1judsaEnBrDgsLTGWzdhAzm7Xmlfy9LB6YCdhfwVUVPD+B1warXJ5aBvjMbsexrRrksjcfmIiPCNNV4=', 'jacjozs@gmail.com', 1, 0, '2018-04-11 22:24:51'),
(2, 'andris', 'cm0M7aTCoNYRsPhzJxFX8MLYbnRXppdbaJYJPmN/OHSyRmAoeXOzDCt9ARJp/sOOIkrB6VuENZ08mp7O0FcEku3lmFcFjMiL+U/4PNqO6G3nZhXyKVBpzydKrXmBW6WZJlpvsobCkOtRbYJZ5ik5yMpE/wmNwDIk6xOz9rqLkqk=', 'andris@gmail.com', 1, 0, '2018-04-15 20:52:47'),
(3, 'zoli', 'bfQE0yRWG9JYA1DnZMU0nSodAKmEu3mhFFKOuM1M5RCwfFZEOzlDviqiye+vaUxfUbawSE5Fa7lq4zy7oC75oFwnmwUkDA8Drfjul2eZhasHdd5hnnF+kZAObhLkOmiqY1hxbqbxuI+m7V5vVjiz1xKZVJtUAjYTJPZ9/M84AMY=', 'Zoli@gmail.com', 1, 0, '2018-04-15 20:54:00'),
(4, 'benji', 'eQUcHglQ2k4Rq6LiMJQXX+IiDqAxSYYqSKDh2D8RLNSSpaZu+rC4lKMd3OUVlh36p/rvwdthwDZMHw5aW/bVYYnoiscisVJugCNlLEOlJvxQyEvLBiQKBOFPhfkekHy9eODyJPL4IqS2tkrxRFcJ24Dhzc4rBilnuZRSIOZ+5pU=', 'benji@gmail.com', 1, 0, '2018-04-15 20:54:40'),
(5, 'szilvia', 'Ec7xQ7gpBsvGTFseAMA8UmMv0uhsO9SJ8bCgS50RAjM2ZUSEjKIM4gvMyatzSQmo839fcyyZsoE93e5V472cJW8LH6j+8kV42wcwDcp93bBtN2G0KzPE0vktOWQBQimhEiSEItl0ovQ0N7y8oCxE/jDZ7VUAnJzY1Y3Zh3d5o+s=', 'szilvia@gmail.com', 1, 0, '2018-04-15 20:55:31');

-- --------------------------------------------------------

--
-- Tábla szerkezet ehhez a táblához `enmessage`
--

DROP TABLE IF EXISTS `enmessage`;
CREATE TABLE IF NOT EXISTS `enmessage` (
  `message_id` int(4) NOT NULL,
  `date` datetime NOT NULL DEFAULT CURRENT_TIMESTAMP,
  `sender` int(4) NOT NULL,
  `addressee` int(4) NOT NULL,
  `yacht_id` int(4) DEFAULT NULL,
  `device_id` int(4) DEFAULT NULL,
  `start_date` datetime NOT NULL,
  `end_date` datetime NOT NULL,
  `from_port` int(4) DEFAULT NULL,
  `to_port` int(4) DEFAULT NULL,
  `accept` int(1) DEFAULT NULL,
  `new` int(1) NOT NULL DEFAULT '1',
  `back` int(1) DEFAULT '0'
) ENGINE=InnoDB DEFAULT CHARSET=utf8;

--
-- A tábla adatainak kiíratása `enmessage`
--

INSERT INTO `enmessage` (`message_id`, `date`, `sender`, `addressee`, `yacht_id`, `device_id`, `start_date`, `end_date`, `from_port`, `to_port`, `accept`, `new`, `back`) VALUES
(1, '2018-04-15 22:21:16', 1, 5, NULL, 13, '2018-04-15 00:00:00', '2018-04-15 00:00:00', NULL, NULL, 1, 0, 0),
(2, '2018-04-15 22:34:21', 5, 1, 2, NULL, '2018-04-15 00:00:00', '2018-04-15 00:00:00', 5, 13, 0, 0, 1),
(3, '2018-04-15 22:34:35', 5, 1, NULL, 3, '2018-04-15 00:00:00', '2018-04-15 00:00:00', NULL, NULL, 1, 0, 0),
(4, '2018-04-15 22:36:05', 2, 4, NULL, 7, '2018-04-15 00:00:00', '2018-04-15 00:00:00', NULL, NULL, NULL, 1, 0),
(5, '2018-04-15 22:36:23', 2, 0, 18, NULL, '2018-04-15 00:00:00', '2018-05-01 00:00:00', 5, 2, 1, 0, 1),
(6, '2018-04-15 22:37:17', 4, 3, 9, NULL, '2018-04-15 00:00:00', '2018-05-01 00:00:00', 2, 12, 0, 0, 1),
(7, '2018-04-15 22:37:41', 4, 5, NULL, 5, '2018-04-15 00:00:00', '2018-04-15 00:00:00', NULL, NULL, NULL, 1, 0),
(8, '2018-04-15 22:38:08', 3, 5, 5, NULL, '2018-04-15 00:00:00', '2018-04-15 00:00:00', 8, 3, NULL, 1, 0),
(9, '2018-04-15 22:38:14', 3, 0, NULL, 11, '2018-04-15 00:00:00', '2018-04-15 00:00:00', NULL, NULL, NULL, 1, 0);

-- --------------------------------------------------------

--
-- Tábla szerkezet ehhez a táblához `enport`
--

DROP TABLE IF EXISTS `enport`;
CREATE TABLE IF NOT EXISTS `enport` (
  `port_id` int(4) NOT NULL,
  `name` varchar(30) NOT NULL,
  `country` varchar(70) NOT NULL
) ENGINE=InnoDB DEFAULT CHARSET=utf8;

--
-- A tábla adatainak kiíratása `enport`
--

INSERT INTO `enport` (`port_id`, `name`, `country`) VALUES
(0, 'Ismeretlen', 'Ismeretlen'),
(1, 'Csepeli Szabadkikötő', 'Magyarország'),
(2, 'Bajai ÁTI DEPO kikötő', 'Magyarország'),
(3, 'Bajai OKK RO-RO kikötő', 'Magyarország'),
(4, 'Dunaferr kikötő', 'Magyarország'),
(5, 'Dunavecse kikötő', 'Magyarország'),
(6, 'Fadd-Dombori kikötő', 'Magyarország'),
(7, 'FERROPORT', 'Magyarország'),
(8, 'Győr-Gönyű kikötő', 'Magyarország'),
(9, 'Hárosi hajókikötő', 'Magyarország'),
(10, 'MAHART Gabonatárház', 'Magyarország'),
(11, 'Mahart Container Center', 'Magyarország'),
(12, 'Mohács kikötő', 'Magyarország'),
(13, 'Paks kikötő', 'Magyarország'),
(14, 'Szászhalombatta kikötő', 'Magyarország'),
(15, 'Rotterdam', 'Hollandia'),
(16, 'Dubai', 'Egyesült Arab Emirátusok'),
(17, 'Qingdao', 'Kína'),
(18, 'Guangzhou', 'Kína'),
(19, 'Ningbo', 'Kína'),
(20, 'Busan', 'Dél-Korea'),
(21, 'Shenzen', 'Kína'),
(22, 'Hongkong', 'Kína'),
(23, 'Szingapúr', 'Szingapúr'),
(24, 'Shanghai', 'Kína');

-- --------------------------------------------------------

--
-- Tábla szerkezet ehhez a táblához `enyacht`
--

DROP TABLE IF EXISTS `enyacht`;
CREATE TABLE IF NOT EXISTS `enyacht` (
  `yacht_id` int(4) NOT NULL,
  `name` varchar(30) NOT NULL,
  `producer` varchar(30) NOT NULL,
  `image` longblob,
  `ower` int(4) NOT NULL,
  `renter` int(4) DEFAULT NULL,
  `seats` int(4) DEFAULT NULL,
  `hire` int(1) DEFAULT '1',
  `busy` int(1) DEFAULT '0',
  `daly_price` int(20) DEFAULT NULL,
  `width` float NOT NULL,
  `lenght` float NOT NULL,
  `dive` float NOT NULL,
  `speed` int(5) NOT NULL,
  `port_id` int(4) DEFAULT '0',
  `hide` int(1) DEFAULT '0'
) ENGINE=InnoDB DEFAULT CHARSET=utf8;

--
-- A tábla adatainak kiíratása `enyacht`
--

INSERT INTO `enyacht` (`yacht_id`, `name`, `producer`, `image`, `ower`, `renter`, `seats`, `hire`, `busy`, `daly_price`, `width`, `lenght`, `dive`, `speed`, `port_id`, `hide`) VALUES
(1, 'ASHA', 'Maiora', NULL, 1, NULL, 12, 0, 0, 100000, 6.3, 27.4, 1.7, 23, 0, 0),
(2, 'AA ABSOLUTE', 'Heesen', NULL, 1, NULL, 14, 1, 0, NULL, 7.15, 36.75, 1.6, 33, 0, 0),
(3, 'AB 116', 'AB Yachts', NULL, 1, NULL, 16, 1, 0, NULL, 7.5, 36.25, 1.6, 38, 0, 0),
(4, 'AFRICA DREAM', 'Arno', NULL, 5, NULL, 8, 1, 0, NULL, 5.35, 23, 1.6, 25, 0, 0),
(5, 'AZIMUT 46', 'Azimut', NULL, 5, NULL, 5, 1, 0, NULL, 4.42, 14.93, 1, 30, 0, 0),
(6, 'BLUE CHIP', 'Canados', NULL, 2, NULL, 11, 1, 0, NULL, 6.45, 26.48, 1.8, 24, 0, 1),
(7, 'BLUE SHADOW C', ' CN Apaunia / Lurssen', NULL, 2, NULL, 24, 1, 0, NULL, 8.35, 50.5, 2.7, 12, 0, 0),
(8, 'CARRARA', 'Amer', NULL, 2, NULL, 12, 1, 0, NULL, 6.1, 26.21, 1.95, 22, 0, 0),
(9, 'CHAMPNEYS', 'Sunseeker', NULL, 3, NULL, 12, 1, 0, NULL, 6, 25, 1.38, 26, 0, 0),
(10, 'CLARITY', 'Leight Notika', NULL, 3, NULL, 13, 1, 0, NULL, 7.4, 31.6, 1.9, 20, 0, 0),
(11, 'COCTAILS', 'Harqrave', NULL, 3, NULL, 12, 1, 0, NULL, 6.4, 30.48, 1.98, 19, 0, 0),
(12, 'DAKOTA', 'Codecasa', NULL, 3, NULL, 23, 1, 0, NULL, 9.5, 49.9, 3.2, 17, 0, 0),
(13, 'EOL-B', ' Arno Leopard', NULL, 4, NULL, 8, 1, 0, NULL, 7.35, 34, 2, 34, 0, 0),
(14, 'FAMOUS', 'Falcon', NULL, 4, NULL, 11, 1, 0, NULL, 5.75, 24.8, 1.65, 22, 0, 0),
(15, 'FELICITA WEST', ' Perini Navi', NULL, 4, NULL, 21, 1, 0, NULL, 12.7, 64, 3.8, 12, 0, 0),
(16, 'FREE-SPIRIT', ' Azimut', NULL, 0, NULL, 8, 1, 0, NULL, 6.6, 30.4, 1.65, 15, 0, 1),
(17, 'G-FORCE', 'Heesen', NULL, 0, NULL, 13, 1, 0, NULL, 7.5, 37.3, 2.2, 12, 0, 0),
(18, 'GLADIUS', 'Cantieri di Pisa', NULL, 0, 2, 17, 1, 1, NULL, 7.5, 38.7, 1.85, 21, 0, 0);

-- --------------------------------------------------------

--
-- Tábla szerkezet ehhez a táblához `enyacht_club_tag`
--

DROP TABLE IF EXISTS `enyacht_club_tag`;
CREATE TABLE IF NOT EXISTS `enyacht_club_tag` (
  `member_id` int(4) NOT NULL,
  `login_id` int(4) NOT NULL,
  `nickname` varchar(25) NOT NULL,
  `first_name` varchar(25) NOT NULL,
  `last_name` varchar(25) NOT NULL,
  `image` longblob,
  `zip_code` int(4) NOT NULL,
  `address` varchar(50) NOT NULL,
  `country` varchar(50) NOT NULL,
  `birthday` datetime NOT NULL
) ENGINE=InnoDB DEFAULT CHARSET=utf8;

--
-- A tábla adatainak kiíratása `enyacht_club_tag`
--

INSERT INTO `enyacht_club_tag` (`member_id`, `login_id`, `nickname`, `first_name`, `last_name`, `image`, `zip_code`, `address`, `country`, `birthday`) VALUES
(0, 0, 'Admin', 'Yacht Club Zrt', '', NULL, 6000, 'Valahol', 'Magyarorszag', '2018-04-01 00:00:00'),
(1, 1, 'Hikaru', 'Jaczina', 'József', NULL, 6000, 'Valahol', 'Magyarország', '1997-04-29 00:00:00'),
(2, 2, 'Andris', 'Makkos', 'András', NULL, 6000, 'Valahol', 'Magyarország', '1990-01-01 00:00:00');
INSERT INTO `enyacht_club_tag` (`member_id`, `login_id`, `nickname`, `first_name`, `last_name`, `image`, `zip_code`, `address`, `country`, `birthday`) VALUES
(3, 3, 'Zoli', 'Zoltán', 'Kugelman', 0x89504e470d0a1a0a0000000d49484452000000bf000000bf080200000020889a51000000017352474200aece1ce90000000467414d410000b18f0bfc6105000000097048597300000ec300000ec301c76fa8640000fae949444154785e6cfd67f034db76de87f54ce730f19fc39b4e3e1737e2026094484ba2455365cb5291124d302110202e2080124d5956b924ca257dd01797cb5596fc45b6154a9269b16406c94681920010b8002e6e3af7e4f0e6f88f133b774ffbf7ec79cf2555769f39f3ce7fa6c3de6b3deb59cfdabdbbbbf77ffe0fff53cff37abd5ed5d4455d394ebf6ddba228f8268e63c7b3f9d30f83baae379b0dbf6e7afda6a92ccb622b962ccbf83ef2837ebf5f9585656d7ccf29cb320ed828e0cfb6aa3b6be3b2f8feb22af8c371bc9e653b7d77341afb8ebf58cca238b4edceb2aa4d57b84ec7ce7afdb6ababa0ebbbb6e33b6ceabb8ecdd2b77a1c7a3488f33cef751b5ad8775dabaef992067565b9d9349dd5f4adae6f5b566fd3754ddbd68eef6b85cda66d36bdaedfb75d8badfa8e55b756db5a3d9b366985baa6b374a4e77856d75a16bb79b9f0236ff6786a65659565ace6386a9665db56bf2b96f3603cb2da627ef5c2eef506fb130eb6bebc0c820833f6d85a2dc14e1bfddb757dabdfeb3a5a821dd48c5edfdaa8c9cbaa76c3a4aa378b55bee91c2f1ae4797b7ebd68acfe6867372b0b370a686256e483c1609da5d7f375553751148561dcd6cd6663354db35aa5fb3bbb7d3a65c995a64f2dadc074655ef9aebd69adb2ca7bb61d86214d4ab3158dc23f348a35d5ca4d8379d334756dcfeef74d933b2f08bd20689acd324f3dd7afdba6d777ec7fea4ffcc9aa2e7961db20020416d6735d4cc3ffb66ce4baeb34ab6b36a4c75687fdadae8773f81f0c98d7a6dbf0135bf19923599d351c8de853ddd600b1c33f8ec30a16deeff7f99dbdd97d673299f8aebb5aad009cebf63d36ef63d90d6b39760fb8d0a1c0713d1f37791e6bd032e386baaae862b7c134f4a26c376dd7f26fd173faf88417cdecf5682047e6d5ebbb1e2bd0db7e98f45c6f53356dd5f6f15c3290e784b71698d1097ad4f3826cbec4240dabd50d08e3270babb6563e5b6e1ac22370a3d8f67cb6ca57e97a3e1f8c466d9ef7033f184ffcd0bf78f28c6e0f8f4eba1258abdf6a0646e1dfde86cf34cd7609a15e454c361bbbd7c76169965b8e678ed66225c7f1d9a26e3774606359aeef1545be5aa725218a21fad672b58e93046bb37f834c011a337114a72f8fe82bc2c5fc8bd130176bf6ac4ddd40048de3391896efabaaa0ab9b0e635669bae625a6e8593ebb02e83606d57e382490605f7955d00d5061bb76effff41ffcdf581b6c3a6a5f466b6804bcc137f20d46b7fbbe1fd201429fe6f1ce370a29db6605c7a5e71b79aed70b038fa657459e4431648173d374e5f66d18a2699ad96ae60f6260128603da4f1c2449328c076555786ecfb1e10482b1c6a4c4337f3a7d2b1045a9a134096012c5b21481d2b73d8fdf7b7553d2ab4024476b4bdad659580ada80223b81071cbd640e45bc0520f9dac4014b53b79f7df6d9f7bff7bd0f3ef8e0c1fd47176767ebf59a2e4fc7137e75141e0a0e1601d706ce3e1d816e8baa1a8d465ffdea57ffe93ff127befe633fda8b02ab2ef274d574d56034b0a2d0aaf3f9f9d950e824da301e48900b7b1def1d7d27eef9225dc3a0fd381e60c3f93a1bee1caed3a2a868bcbbb19c8aa0b0bc9eebb79b3eb85ee55959e3e79620c42684f378ba73793d8724ca529e1a0e47f05059d46556724471a780a5beabb718a569b1096bb2f45da0e6f121a735d01dde22a62091b68335bc30e010f932a5e3d81e7b411e4db7b11d0828e083e7870d70fc3ffe87428f90e5daeda6e6586c46a680becbba6a5b9cdaf7bd502ccbe1e508419f37e069bb00cba3e74596f3651205780e2bb207cfb19b0a8e2892381e8f8718fdf2fa22188404d678b8039ef275ce7107f1300c093242acea758d636f1c77d3b75b100f95279e0fad9b23eaa02fddd8b7404f104540033b11d50ede02590531d1802fda80bd7807e3ac8dddb08aed06d6c62a8b8a8c6947099e2b56e9efffdeb73efef8e377bfffcee3c78fc144db34700c5bceaf6740132664013d7a1718edd57a1d0d06341ea6c5387473b2bb339d4e4f6f9efcf81ffc899ff8833f3e980e08a46a430090393a9368056579f11f434fb64e23da6059455eba187e38e673bdcedde15eba4cf3b2265d578db55a178de5b8612448356d0438e204b29d2d17599e87c9a0deb4e006fb6f7356e0473475b1580a9a0489628dc560488c6c41a89850c7323a04cbe06ec53e3bb15adb264ad54d9409da831d267e8c590822ba0cce382e94497f538e1e27d0b1fdc7fec49fc4f4080d8e120f62e29cbf94fd4c2e0c82d0f5c3147123cc6e00201c04edd23dd2245ca41674bc70398bd2d3864442d2a621464c34a27f30433cf5e2c160b55e41a244491c722cf8d8e42b3ab86930b447de001ab40568f67a49800202be8a1c5622ab90ced833a85402dc34902d2eefd1587adc94048df8496186bdc8113dbbe758ecafb3ad786479a1d3f7fa7daf2bda87f71e7eef3bdfffaddffae647ef7ff8d967f7e6d7f3ba6a881de2b04ecb248843c70f6cdf87f894f6e858dfdef48683a1d7f77a2d420e70a008ade56cf5fc198c95fd835ffb07bff11bbfd954edd1f1493218e1335c0192057e25d197ff0124fea2d7f413afb082c049873938bda9dba22cf902f7b339c18dd7712a5625a5386cd2eb93bf968b25096690c445852ab03cecac98d9c00a981353e344d4031e336e041f18a926964df019fbf4f453d336d8893f3d93344c82238ea507800e9fa793e93a5d1779019b04b1341c9ee5278e6ec2d8b6ff67fffcbf182731cdc5d2e4bc8db529ab7299a64559e143409d9725db7a247b37e83b6e10c6a3c964381c0f9221ae238b999c66a34fa0760191cfc2841ccd9f40c948269290134601790ac5a3df6d9c03773a6d53f709d00eec237cc158c737e4c6d017816160faec88abd9a316a0a64ffc86265342b3d1603882e3234ad1b09812341bbd41eb1ccb4602dbf52a5dbcb83c7f76f1e2f1f30f3ff8f877bef9addffddd6f3d7df4fcfa720e0138e46dc737091374b8218aa0ef009d00caeaf30eee3ccff646832148a6b182340726b9c96fbd2ca75ce83d7af2e4d7fec13ff8f677be1378c1addb77bcc904752ab008378a0f906d9cdaeb43b72cad3c87fb5b905f89e6d37c4bf6262cfbaa23c4e2be371a8f08403ff0c9ce7cf04075d70d47438ce5c8443da8a22c72dff39338c22645998321d8023523c1032004957a2b270ca42448d42865b60d8e906e04624d834eadaa0a1a4ae2448c8f40410fe8408e1442cfcaf30ca291c6c5047fe49ffe9392bded669d677c13267110867c0feb0c8663da8ef0529eb2fa88faa2142c09181a46be644d7c8441810e78a0c31c8dfe7248881d86c0c36100468ce80d3c488ade466144ab29d04010aab96b2b58c4eeb5be479b7b1b327b5d6293280ce0177648bb31220b76120fa9125248c917048c8915fe1459610e250b29679365f130cadbc3df1f7ff0c93ffccddff9dd6f7eebfbdf7ff7fd1f7c70ffeec3c56c79757e5da6051d94823659650b1dbbb3fd1ef5861ba100dd2009a2d803f9141a2d71361a4c0836f80c2f005e0c55950dc7269c5030abe5fadefdfbb3ab39983d3c3c347a9966f12e7ee08da507d390dfda1694406dca1818304a003f9fe8229daae042c8a007a29de72f9e2f974b642cd50d6ea3e04ad76b0cac5d19fbe0f7b228313fcdc0bb42842248183721e6288c8c5e15c1d5e205c1cea69e9205a9b0c047445e4c12021a4c6371df8f28dfc6d30930601336430de305b0950c07ec9383f7fe83ffec6ff3153b4df394d043cac81930b3443154d64b86a3c160345fac68491844b051072da3da3635e65a66ab04b5ec79e97a09bf4d47c3ba2ac9af18816acf605bb25ffdc4ab4e838ec680484e404a07219538f48b8cafe7fb7b139040f28a4277b1584c4649886181155686a8c2b0a50f1486714c45a31ca045c9db7c60ff2450fa01c05bf64fd98e03bc64d82ef25ffbd57ff0c9279f7efaf1bdf5628da7f38ce2b782a4e6f3256093896d1bc893335dfaddb328f46015fda9b4071b022fc916c045efdb0e81b8a11aa2f0538964f1a1ab3b08843c4a2d4771ebe2e030b2ffd25ffcc92f7df9ad9b6fbe6981b4d582d28efe80a5325bf968b5aea32c065151921090799adb7d829bd443fea2ea814d2382b6ac5a8e355b12f12e65739663df1653c3c01457675797a093a68d47937838b8bcbc665bfcc5371491b8920ca40823dca91f375d180652786d9b248334cf968b35421b8d0c79e12585af65830f36c1e6a4661c2df68719fa7d10cc86649ecbcb4b70c67eec7ff1277f966444050f13c06ea401a43451858ca6d16053eabad920aca854a32416cb9052a4c3377112a9eec7aa5a28ff648ed572194711d1506468bb1c938a18cc12851eb1c8b6c4b7445c55c234242a1003c8e09e2acf89bad0f7f83b42f4a0edcd6eb100cddbf23cee258f1bf4bc9438bceb438f4696f16837f0dd6c5980a12018acce67ffeddfffffbcf3ce7b773fbdfffcc9f3f532adb2123f5539bea69f842ef14261e5b8682a3e50cff47a019d24bd52f9686c4aa951344fca343d315293ff6882fe26c038363fd31cfd257c2959e3b90fde7f1f1bc45810f32ba5439e8856e25d7247ff6ee901941a762a72a95aba4c8ea0fc271dc3d0699aa1e7d831dc10c709a512b4810516cb25540649ecefed93cbc868655eac962bc41ecdc114157051a9efb33340c061101ca8167e524b6c10bd09c368bab74b53810e0d8792e89264aa914c109fe786a27491661f6988590dd9b7b481adec3ff5a77f124380d1bc280dada073651a840c6fd8330c63f6d4a0c51029aab0c4c44a76009a9083f79b5619caf3683dbda58bc301952a96c4e54e04030278a5250d33b215de32f488bea6c8423ef2d6b9c49de740c07ca0aa919e11df376110001048075145fda37e740dff0b2e486bf91f7f76bcf38d289a86d69d3f9ce48bf4f77fe7dbbff9ebfff0b7ffe1ef3ebcfbe8ecd9f97ab66e49074dc7dea4b5bb3e8a583d0428a46a0d079917418fa3557369af92992a60e4dd6d42f81c3566e40f930102ea2a1d5f4359d8ce6854ba52cd67b38bf3f3c70f1f5f5d5ce187e974c789c9daec4febeb7f2153a3857807e54682a70bec544a913282fee14f92b8b6a297f8af868814aab6dbaa0a1b22083dc70361e93a97d76c77329dd2685c46056e20ebd12ab08418aa8bf2eaea8afe2483016d87636026dee87d6b3ac20b058a444131016cdf07ae094820e78142db05e56a369b28f9d48dfdcffc2ffe2c00e06fd43e3ee3781a7d453306a129e15cf8260c138d317852e66c839d880fdecb32878864ca1edcde5baf9738f4d6cdd3cbab8b4d5d711cbcad2cae91284a0ad22d31d79356a6b2c225d68603069e0b0351edc34ce429e4c52089800a999f9c41fb814755e5b2b32f8e222eb69ea223fcab459f0520db0dabb48069fb41f2deb7dff9cffe93ffec5bbffb9dc5f562354fab1ca0135b8001f3b4b4d694e2a698320527ef66dc579844e56148a37131a6a85fca5355210e322f2d5a8758a215381b636b357d891f7a7d5454b7198d27cbe5fac9e3a7179717a09a201a861108a115c4365b5200ab098a480524c58fe242916faaa197e88269d402760e6d50d3900460262a91009995523ee7799a69a8723c818a022f64f52d05b080033662153c0061806c3438698b83c0717e18b103d6dc928de9b4cc824de130b23c0060c32c2bd4a95ecfe89f1683010636b1ffd4bff4973de0ab172807fac217b909310886d88b125614d30f0d0269380e12d2f82f6904b4f92e0daad10a683a3e60d8280ab3d5da54491aeb13436de0189b4dc2182a51fdc661a8e5a1404c0c20f86b9824f21cf5a7ebc0b3c08b3284b2c35379a2c16536d11080d053431160e62586c43dfaacafd85334aa96e9777efb77ffee7ffdf73ef8c18728f2c5e5028a8490c838122f0ddaa92513189a11bf08e580893d28d431b83210c8502a32b1664a5fc91ed02f0beb1b6a57c346fa43a304ac8af9f99ba6b013980c882cd30c8b26f1808a95d0a79ca16e1a0e472413f6a226d3233a094ad90acd901748774b8c1d3a818f55a10ccaf234cb0091d98faf56b066d3a5590e809041945a942fc3c1388ce2d52a5bafd725706e14630ec4a3f3151b4c879c10cd4b2d3bab653a438687689e2827635438a24770d10c2803f3f382ea8162140e701192c6c815e8833dc954628d06f4fce99f869794f0361a8760f7808e35fc00b6ec40284d90106d5b7646bec446bc93ade998db07d754f405c8180da938c8915691aea91b35f48008d71904f0eb20b226939151fbc6dd9090ca511a617b147ac480efa24738a0327cd7a191711e19cdf65c53579168e58fb6d529362516b31311cf76c1f3ac6e79ebe717bffe3ffce6fffbefffeab77fefbbd93a8ffd18ada302db40c4109686aa55872091a57254c6a9fad44016bb31dc23caec38085f8b97c42f1c0fc78a12f44904631a6ae846061538f505c813964527bdba15bb181f45a425f40769653c1a458986f58cc4523f6882d92736e90154b19730aba1150e60024fc2c5f742e821cf2a72055f224c372250271924b09748a9283412838a9239d0713e5148738cef1cb0b55e2c398ece739525c7010de08622919d00802d596016031d8c41d93b8244b66d23a8691141c4cf34030c9043ed7feecffc34db1043fc663a2339cac102a1c782ff300d6c2520bb104f572af455ffb50dc5003d414d836987b0f37d17bd5914b9c69c54fd5474480a830c2580f629c6744e8a8343608e8d18d2b6b6a5213cd7815e8111df23a4a03b9b4a077c70cca6c6e56825a048fea3f5c638748a77fe17a5d274bc9c5dad7ef5bffdb5fffa6fffdd678f9fe579b55ea57df681070937a8707bdec3210152f6627e490db652db0867fe34efdaa530a4fa567fe94072a7084203c7820896e1cd0c938a366440f5495c6570288c3556978c46d0007e654768d72489c81a711c4da613c29bb044bbb02fd2007b20b3db7e208947cd2bdd23c2a341d4c91e8906c153b708e1222f3934e9c90f63bc026110f0eb14cac9f81e040e86435203ad12b3b9e21e528ffc0d63cbec189b9a7f38ddd9a323885d504507400c18527a12b9b8d8932664198d91a44127b6f56609b365392b9ba05142b0ff853fff8b014e23f87d7f4e5509e23ba04a6d182a5637a412da19e2333a0c8a5183d04a1cfb8e6da1572099e974443f5f9c3dddd435a95d83374217f1ad6417c5b01f92dac3b41a0922b4b1b2b26b4775a8532f7585dc095d49e6e9684c6e0378c42925b0198d038a35d0b348916dc9f15d5f43d82fddba8590893500f6fe3b1f7ef31ffedef7bff37d3c12785157a3abeca6ac51fb26b278a9ec012e581d7ff87caf24cf37e6ac96284729cc0811984087d561d4882d600cb798c3ea133ed1771698c632c41f1ba0c3d90abe244e3282a7db88d1fbb6481a5785e168343e39394572805bba0ce86c1fb5d0d565b129326108ebc5118aa14f5921f9dd927057ab141cc4211a96544eb4f7caa69ea37a8a149bb21395693a9f58036372875cde685734476c435dd2ebe19dbc48e7d733b045445d5dcf68d2f1c9291b915bb103fda1bf984423ce95fc68fc6eeb2c7ee8d327be194f862447a1a7acec7ff64fff8cb1bf4dd2de3fda4fab14c40c472340b85ad3e21e5886e814077298e20fc54f938a74855528ae255f36cd6838180e62236a1bcf77f00e2b512c10071819cd08ede119b886588261104ca1bc6a93de49c8904ee407d97a85e3e2d10451b45a2efc8068a84903443fd021d2e817121fa9b0e9a04053ad544d6f635be5e6eac5ec6fffadbffbe8c18b3c2bca4205b346dd1bb4211954f142198581cc880e55afef3b01bc260124c4507f2967bb0631509e5282ca3cfeb42130729fca10c4255da58b2699826b2378b477906746daa596d82716c2e8e44270b41d4a8653acb6871a5e2db2575e7d8ded82dd69be9a57446332a8ca85eb40f9f8dde4c04d4d8fb137de07a9e212250b976403fd48a4a84f563c4c36bd0d9a1976f5229fc6809dbcaaa07480329fcfe4b08ef2a3980e0745beaeab8c600537f40a4a8ec2c877fdc56249f91ec531915095a562cbeea131507b51e463f6b248d9b62853d045fc9300b6aa51d0fc333ff3d78c1656106dac863e07614427a49f50d01b0b67803f42cfd03d0eb0a029c84aa7a54c7a2437e12b91267bc403a80f73f2962f79a74d42b408d16e363a1dab55d0b7086da7ef6112454e5b93efda966a1f22b420e9aa00a672408fb8b1367a0743f0340dc1778dda8eeb2900359920ae57c5fdbb0fdf7bf793f9e562315f2a5d9a2443f5040e3c55e63455b948f443404ad5203c2488084a3a65148f224fe4a29f94c8b0320b7e3204a4c25ddd33c4a715f5abf64b0fd99615c45586ad0ca490e29847590cc4157965eaea6c369baf57eb3ffe4ffd71bec5f1c8c5325f488369f7c60f0a51f6428bf8533ba32d508994bded54a098e6390efd06ca74c60b34a85a560dbb37032b1a92a68be07b381ce0293ef4bb76bd5c12166003b903efae68ca3a675701ace3f87405e184b3c814781990717432bd1c2cf94b0c77e8662c22255bd7262fda7d09288a37cf1bc231791105711426946a34370cf1e6006c906b14c70a392859a7f8f9b225c329fac4deb2b3c9f7dbb24f5940dcae85ef942d44f3aa4b8de1359ea5c0643b19a907e9528f64798a9309e102655895d130665b36d92edb0db71fcc9e74301a599775b75e3f7af48884b59e2daa2cef8054b301934e073f13cf2a0294cccdc207a3fa2592412e6812ffe89c883903aeb4da22b6681fb6fee14be5884674e92f6dda9e27054a4a75fc8034e6855788051cbc7d29f8a84d7a76e0b821da99b0dd74cbf9ecf993c77fefeffdbdef7df7bb5d5da3a62bb3d024d959a0fbbca732dd4b2863707dd601551ab0b2ba0392aa8aad681536f4747611ca91cfd82dee60272ae67364a81c44e1c256ac839cf8e1b2b5093b84aab7cde03bd947a9ad4f32854aa957e444ab4772887c025a3e9525a0f37feecffe1c873166b58b223527cc3624366040234832347b3ba80393834495e52c5da7916220c9de81ae39e1c97ea4622a748cb32dcd800514caaed91c3ff357808c829d755649242fe36f9ac93029e11e143192ae6bca2a57b53f4cac3aa7de54087218bdebc551b09e5880f45fb5f3d9e2f183a7ef7cf79d6f7feb7bebf99a170062e72018fbc98daa2838a4b887f4f4c3ff38928677f0964a73c9189aa2a3d03602ce7c6f086f7b50f9b5c234b29c484d6dda7adbead3776028a32b2518ce62a13e653d6cab28d5642c7c0e3911808bd5e2fcecd91ffcc37f68b03f5d5c9f4f762744b64efc013bed540032ff6a8162e929c539fb00a844b076edb8221e95c36c57c293181af1cafae089facc081715ee043d5f2a1d990cb3a5009207e22449861c0951cfbbc6971b240712c22f2ab25f894fb32ce31d3348203b3a9107fef02fcd633fecc9fec9bffad7e91cd23a4dd740801f30244df71d0483a60470543c8efb0125f1857921166909ec67b8daf445a98175b6f66787f2b1a94965544266a3e6691841e25e60ee750d390bc2663b440f3a967d0b953ad96e4623e9ec868e99e80343062f723698b0dda66e580bae003adffff63b3ff8c17bcf1f3d6fd64d9d15408a75a585f5d240294ea69dc680ca5ba263bcac344373c904923486554dd7e120a8c994531c5b68d200aca6c3400e5b08d367a15827f7950c29320cdb6ea123d6d16b5b04031ffa048e748c0da285c293b59e3d7fbc7fb8f7caade36414e3f9aaccd846a6176c0d6e74f09710deb65527344c2964722f8abb89e2819c60d044ff20a2a2a8485b3a995dd53fa4163a5c64194986fdd106d875bb091d961e439099437110b5c1eae545465be3280098d4c5b4800fb4002ea01b640632a9198dded8fffc9fff05f6cefe682f1da6e5f897f53c8a3d9df28018d9338729b128c1835ce46f8209abc0636c05085913ebf099c3d3683eb04f14b4062675b68570915d890360460cf6ad86cce03abdc0a534b3ea22755caa247e0179884470d4d6f95a3651788b0068e00fd10338d82da82ed3eac3773ffcf6ef7defc9a3e79b7253af0babd6a837e0857294b38c7ad176e61b3eb3b0378029876e34cb70d3763a91cb27841f8bfc87a4a013f220d8321f6904be954e174ad4087ac1ceccfe653d1d425f7f7e14d17fd36855e4a40a0be0c75fda3de1bbb333fde4b38ff60e76dff8d1af35eb79d3543a6faad10db3c6163d5bd3d37c69e7edb9234dc51695396ed53685e63989f9c01345569a830f2a9504c712ace0669bda580786722870c8a4d08bebf1eb9a2a3fd31cd3288a0110c441bb65094d90298916b0c7c19576da16d92f64f77b94d514f946eae9046a7fbd5ce569866e0dfd809c8108a5b71b0a7ce43b9fd19d4d2b6babcc60012caa3a44899a02a6f9ed0a6cb36c0d08b9b10236868779b75a4dd8233029cb756a8232478509089065080656225a364dd9b31ae8c74c6b693a0bd63139eb1f5bd8b9114c3d9dc387c67bce7cb67cf4f0e9b3672fd2e5bad3399b8ddbf5fd3e2250673779c169b48f775e828de4176d97ae2bea02055a35c824ea3655854d8b9b355c478f79e9d7164bf478e97c756be81a4bbc7c69e4ca283f4c4e2568a85c18a4d9329cb8a8b302db0e5dcd132232282de3301a44b1606ddbf7efdefb8d5ffff5f3cf3ec39730960eac4e6297edeb73cd8761b1bb24202f8da0b239d40cdb93eea9a76823820d0d80856171a40f9243d16d744f96e7b409e86d758f2a877f6c3124d9a304862ee01d5dc2d0d41e2c87e8ae2b82b7d58c89c268c28dcc56575892bed00c42d4fe17fec2373027b45696395a1a406184d56a5516d55661d1e2248ea01cb209c0dd5a4cf14c3099d3dde403f2283fcad934d4b2e815dd1081996ce12addb39d39698a92f2a47b2097be45558fbc8587c0778134a203408ae690ed352202c205313943f4a31ff96057b4cd8fb1e4937b4fbef3adef3dbcf7a8ccebaeeaec1a987e1efb26d2b528eb2b93ea13edc3f19ac22b10017dea6233baab44c59e0d397cae83ccc10c1f09ea1c9e1a127c189428780c5b89bccceb65df59d8878ed7a96ea7bbf8022b714436e30d6f0461f0ecf9d3f17408278549f8951ffd8a788a8cb66da41a60f6a6ee8be0402e0780656811f845644af7507b7b017a80325bbca014ed7094b280861033153285dde150299834c51e6d47fdaddf69a4346810d07cc44d2835ec93c38a324393c0fd349e1dd3debac834564c9252f88950713484840529bd74661bcc4200209ab20b6dbb1db61f0ee21162364bc783a1ae8bd009a21af4b1f7ed2931b43dfb8d872320a8e692562d0be0a7ab35ed02e6647d4c419bca2c271027a3e13089d8273c57e62b742f29b533c3a7b6d30d92280a83bacaca8a2c06137765a6617513703f5ccc674d08092cc7af57d9db5ffccaa71f7dba9aaf9aeae5740bf959a391f84fea4692192e343e072e865f54f68b54fbfdbc80c55ac337b414258738edc33128b7960f5557166d51b67941315c526fab30914d818e088c172ee4339158573a458519374d818f343fd85c1824a583e4ec09460852df71f9400bf7a63bc8ade57cf1fffc7ffcada6a857abd445c3aa73c4156cadb3b3a6c79bce38552e014868035d86d06cea12590ab4d1293b936948546bb2031220a5bf78814c82d7f80cd4495278f6a51d369bc3c343423a4d53d6c2ad0a86ae2137aa58716cd85146b36d92122512b404e7b0ffed0c08221323ac564bfacbb6f6fff2277f7ecb31545db49306c7babaca31555f6f7e3d233e3830bd22a5013dde895e637d790b610098214bdf7301a38bbffa16666aa5c70a627e48011987f86eb598ab36840495569bd0075be4d912fdcd9722fcae86eb451d36e53c75a94210d252182a0a15df2c9000a902ceb2dde87bdffcd67fff6bbf5ee62d3a9ed286e0023d5a845b6da677fdcb225dcc3f26ebb26004a8cee760ca87aa9dd854e8644d735ae025d17040518698a6c98b146b6c90019ac3a91335c290e6a39555b18636605399b8b751df9a0a1f183213739a9caf1c47335a0a60cf9e2d666112f0fd9ffbc97f3908fdb6c88c7ca2254ad80a1c2d6cdfc11ec4861972dd76a10550a5c682913bb8ac0f13887d1c8f7f5570b59ba244124983e24a16f6c9167194e016be5f2e97452e590d39c1408bc5023e2322303cba275d2f712e70418902433ca6f166b1b905f431200d34437e9ea0c42e68072d836fe0001cd94827152d00570242756b2c95cc6a7c29e8c8c840cfb69147b88576b0f00d01ada4aba1388d52e0712c880022f8c89b80a6a932a88794c6a1b1b22a2f73361edbb223366421a071314409a0b6531f2433cc82a2c08092e94d6395f5affeeaaf2de66ba902f998366954d114485aa4d0201b7ac3ee8c2e511857c8be8c17144e295195798521cdf7fa26e7cf8c1dd059c200f413dcb49e1748f0033bd07c76d85b2f825fd72e7a561868ccbd4f3d54a5658e631655b52ecb6cb55a2cd2755e1606346215157e66e8152b91c7b1cfe5d9f9271f7d6a399ec603b70b4893e8f9e14b8259a7cbd01f7d8bc44f858a6b13440059c324623c868f24f2f8470ec21aa247b9c038970cc8370a09b1406f3c1e4f2613be6773ac490061273e980177e8b3e245a4af97d7559e95146ceb25af32a72bd97a31571bcd6eedfff99ffd59d0073c3918451a3b24b038aab848dade818a681fdd10794a0f1a5f1925a014adda6a4312051fb42fc6901cbe6e306e6094107d46514189a301fc8489a9893640270a1c8a06d83e4e02c777d9069339940f96662de16b48486d246aa47bc425e62f6903abb1209e77bffbeedff9db7f7771bd66974e3f00686c2b7348e42b7c8547a36775d19d81110b5c21da6835c58c2854386ce3a147c642f0a2bde97da93966460debc241f6d155b48b5ee2710a4f941cea2d093d12f178946003f2141e6bda02f0a1fd03d721bbe8b22c491290a8128016080b7df45313c65118fb8ee75ccfe6d3e9f0c7bffe358e2bd7897b68d23fe21e7505319a9329d08221482272c4cf518c81e80c3ac2b092c630f3b242b690d9a9dbcd90838cb9c510bba23f00c8257b0601dee77b10cd9683c1801556cbb9e7396491a6aa147f4d454e404f10bd4081dc42a61b2409d28d10d0bedbcefe177ff2e7f90a1ac28279be1645595dc47a03d613cd139decc5b852c483ef8d35a00140b289e3840eaa8b9b1601057ac00a5ba932d794d8aed1dc918dae260ec08645c9dfb5353b7425112a3c1785be4c25114d61a6311f7a850da12ca3d3841a5e1a4f31c52b5f0a4e7ef4b7fee3ffe2d38fef3525da69e3f50350616caf2487c7144ab2013c06919678512512fca79dd37fd1892f56dcf082794935a0126b0b409b42833b16b50cb02b7a961a4c5594e7cba629e8376e8e437f77677474b47f72b477b4bfbbbf3f3d3d393a39debf717278e7ce8da3c3fd248e373d67633b62125dcf6b015cb21d47024f34efe8e400b53a9e26d8ed7ff2c7fe1899717bbee27f8c1e45838512448811238e4b95b85aa78000dd0305831ed28bba09343aab6c1a3f8c801638d59c2d0dee890b443f96b53dcf8da066ab3c2dd849142a5148e35b569ea69a7965db650efb5224500e7781b9dcc2643f0dfea1710845b221699236da7ffa2f7e83cd6566f259af09029fbda8d11660ca2473360dcc01f128f928fb5070b1a112034d4c12cd7104fa78cd244b8f1a11dff09d0a75a7878226414a295388696042a3a096ae97c3d1352b7a9e6de15d937e8c4a90e0a5ad2a2214302ab5d43b41020bc016fce5403fffd1ffe53f2a56bab4b22d31308d131db253ad2ac6975a69cc0260d9c6702766d1dc4819c3b5ab3adfe8e279f3d2097c8c9f830f31fca612f061299162e5b896e76a80ca0b44c63b93d1f1e1c19d5ba7afbe72fbcead9b5ffee28fbcfecaedb7df7ae3ed37de78edf5db776e9c220070dab38beb454a15b1866c90f25252843cfe71ec55b6de3bd8994e275ffad28f1c1cec7df5c77fac28525dea2b1afbc7d1c3a2e48425c82a6652b71622d381608aaad2696097bd93935803460de3645bdf05616caa2a4925f62206d2152f9afd078b606662132584b85ecce7e85e5c8689608ba548c8851c8b748d8ea3035005c1b95aaf34aab44ea9f802c800a6f9977fea5fc1bed88bda27f475ea7936bf36ddec512d11402ac9709ad1cb4298d1e77409f8380e7ca2eb31e80b8e637d34b388c7918e21a9236de89bbb1d39a4b6b2e92a3c22d9c281283c2113b634c29cbe089eca4fae466aa413945744783fb425ac27dbf6fdd5f9eceffd9dff66395b6f2a40e5d625b9d203254a5db237ea4fb98a0663479220d12319ce1e0cfa800e6deeba02e2a11951e8c5919324fe6000e9868e5dc731e6f3102749e24e2603a8657f7fe70b5f7cfb953bb75f7de5ce6bafde79e5d53b82ceed5b27c70783014ce42771c03f9a810e3896b367cfcf2e97d96c952e562b3048a07662150d47d3297439ba73ba3bbe79fbc69b6fbd797c7aaceb907c87f67f8e1e75dfbc542528aa44bf6831d1b86602f5a9a7bab28618400f26429a39100d353110e57bccc442eadda24761d43654ca90854aa29e4684a8d5afafaf917d242fd2b4cca5cc5ed30fbce119bdca7783e1d0f7025807f9cc0b91be1d5eeffdeddff858d129136f5049bbbb3bf3f97ca4932083f57a4d15adc28f4399421111036180399211ed8be3111046ce4d4623c0b9985d0de2042987085631091674bd8ac603759f03cfaaf2cbe93411b29a324ec8b0548325ec4b7c7bba16ddaacb52c4a0abce7a0d1993832a8368c122bcf73b87a2d572c2c7efdffdf7ffbdffc3bbdfffd0b5d84d9c2e32daac017533004c9f39062f122fb8c5a974412a5da30e25b05662f5510eb44a176e6e17f4029cc4e62180328b1a23e517ef80a0c140b58fdda72b2caccc6ea96ffbbe5baed6a84b708e6ed13845af7bfef4e90fdefff4de8bf5a70f9e3f7d7626ecb82110a2ab246f38d621d7c6deab6fdcb975fbe89ffd93ffcccddb277d9fd4a22ca797f8c2cc3d6311a762509bd4cad6d418c8a0ae6ad7453d981c5eafd6a0a9c0ef6cdcd997f365cf0d92c1f8f27aceb1581913d00b160da9d8fd643898cf96ecb5cc4b6ab4a3fda3a74f9f628df1687479794efc539ce36878294d17e341840e412befee1fa2212eaf669e0ff8dc342fd85611f19ffeea7731d3d66abee79919813a0d66c2482266bd5e01412a37101a86f231852b7666af5830220ea0142a200ba9a86950780b7645cd7475016d24c0dc0637996555b1dfa08f29b290a824b5005202626d69d2a20cc5c2a15f7ed25847499d223bea64a7268d58d4e6c8eed679f4d9935ff9a5bf4105cd6e16d729652a9c82a2a5e7461c49c6769bba8f74b5ea3ff2077fcc7334b4c9f749149ad9a1031f65ebc3076259fa8e05e80efba13b84f2d6262c5b0c915469463448f8cb4676d207948448442c6c4988174d5e6a1a24392f4b97f3c5625d6decc993f3e57ff47ffd8f8ba6f3e241df0b29ba0ad49e6367659e0c82e31bfbafbd7ae3c77fe247bffeb52f0d77079dd3f402f2b8f20ed536b9175f20818d64039ca0d32138285d34a2daf4aa5ee8c609555c516db20a6ae9552d5b435506a618c49c9f26fe6bb4f366e32262f4a5e6cf50e2057e44024f255414ed30e8b367cf00c0defe0ed522ba6ab59a991abcb75cad781f0c46ae179645adb90bba82b46ffff99fff573110c7807ec02941450185b934e6d10023733a4383223d731599e80f938d86930024a9aca0633878a3390a544cba1cbfd664055d35010e34b34e331e05e7ceb534b066e0a12b69d82bee344355665dbd30cce738ea836d12a5b96212072be718c3f1aa7a1f7ff8d96fffe637e117b6d6693fb30af402a99243c91dba334b554cc6c9ebafdcf8d2dbafbf76fbf80b6fbef6f6ebb75f7fe5f4ceada3d3e3838383e9eefe74321d8ec703a87688f19288179438e463124136d10061c0371afc0f22a2a32fe60e1cf4b6a5c95f346aa3f6d26c0de20056b8b6d9680434af4bcac9313af9dd77dfc5b6e25ec7a34bf53617a101ec8e644a213a352a2ade9dc0eb309360d221d2b11a38601d528c6a1c1314dbe8da8e4c11476e59492df775c3a15ea6eb5375ab24c3d3101cfb40884bef519aabbc879529ecc923fcd34a3cf119972220f02b3f021d7202a185afd7d952a7d2c90e952e7fde028328e72bf0cafa805205f00f171a4d93cc6bdb053127df034fb377ddeb4403151842e37cbace81750032effcaa30dd4e82310b9bb09029a898f9130bb202ab6d1705312c6f1659c22c3213c631ecb1fd5b2be9a4a7f993852699819d7bf7ee6db765cfbe860634eb85431302bca9094d4565737cb8fbf5af7d3989c3c9647478b47f4c81b4bf837550be711c0d0ef62607073b289addddc9ce5457dd8e08305e230af16038f0513d2820ba8c93239d43b203dfd2d9b87fd46635497830a733c8323af9ac6942ac0113133c0139d2b4cdc8522df40803e01434c7e3c78fefdd7bf0fcf999551027eafc76afe60348321d57a1f9f9f73a1c071361922f20277951e329b8fa657985a9b1927c60ccce81a59145cc2fcb88edf77c507df0f99810efc43f1ff89ec3012ddff7b7abe1687ee2e0db0df9c06afcdae7d82fd7f6ec20f05819d881410f3511877c4f86e29db5357dd40fd90fbd41eb9b6b7c04168eca0abc6bc4c9dc5c475f9acc0dc015656d854781bf464a5045d014a0370bf29534b035130bcddabe9b45c1a36ff946529277696899a2df7ffefc39fdc17c683dedc7b481c623f4b003ed2706a63b931b374e781deeef8c49552eadad69131876029fa8d7a82f7987aa0026469aa1e4c147145a81477d457e31eca2d6a981bc4bd049b5b5794eff9b3cdf9465c7b1aabad318b44ea46b4480e854b85bd8d60c95e14a7c50eb84c8e77ec2027cb95ea62f5e9c7ff2c9279f7e72777679b5edf6ff9f050b18c841bbf45f7630fbe1175fa372620ef6c63ef992cfe6085a642db37cbe1bbed11ecc8f5b40eb3398000ab2a7e3a4ebfcf2f21a63eeeeeea2057df48b2ee78c3584dd68bc115bf0ce81883edcfe721c59bca653337233eff2bcee36a52a7a3c1c857e04c5ac5759b6caea8212c98bc281c6f4cc053eb49b76b0d36d1f58009fe90bcd104e259acde4213982c83173d54ca8bdec15cbf6834189f1185dd5d954b3fa76d962c888ebe572b98d0616563483a47d6856675c3c1bba8d02e7d6cde3e3a37d627277679444b490c25927493037e2568d403c682a70a7ae936943d70a7d8b8c0cc1f0f21dcbeb5b9eb345524ff39655071455991539dc5e66397a82f0d89e9aefa329a09cce42a099f3a35e5b5304e8cc14f8c14314071a3bd0190b5d8ecd1ef900039d9f5d3c7af4e4e2e2ca20748b535e5b3bbc5c141c66e1b3b0c061684eaf43d1931028b3e1da38424d78405603ff060d2c1c88c5ccfb27406894f2159bfc7085c0a77a57f06f31c1b215be34a3dbb091a6ebb032dfd0031acc0a1c9f95c5791c9e5d98dfea345d83a62489d933f27b7b232d5215eb19d0a181cc7c76c78709c501eaa75cae42432945f3418518559bf45efcc3971a1a42ee72088d62f31273364da3b30d989460358b5a6cfed1cbb033db7114fe274034dac3f7ea66efe9f367388f1fd80fa6d9be737cd60244487274fa683444dc8c87519dafea725d16ebbaca1bc4484bd99577fcb95e1319dba14f9d6c54ae344981c60314f4c73f4aa0a655a6d21659c9adea3d98a0a77cabe1090da24a6e6007e21034abdced59db533d3aa3893550b2227e2df402289884e057453dbfba5e2d965b7b6e8f673e7cbe6cc903df10e81a3ad9b60ad7c2e5ba17cdd6afbafc5ed72d9999c49ff30d0b87db1a9c0df583f8473b916d11628608e195e5724d7b7676769224a16994dedb9327db6c238ed66532828acafbcd063d63bcf1f9c2aa0897ed6b6b11a5734b7a19f4b87d2796ec81c4682284fd52f768624d67ce7a1854b25f7da90853a46ac81fc6d68084aca65ca6779da6d69ffa4ea66431a5aa5022a0189dce6e591de8c9635a680b11e77cf8e1c7207b8b69c282436e2d488c91b3daba0a03070d3348029d38d569ee1c8404be1d461a2b81147b5063a48b84c0078c61340bfbe74898be8694f4c20d3a3f866ad39861cd0bc4cb9a4af94424ae121918ad43a96386b1a03f72544912c76354a9f84785a886ccb4a89f065e26de347d1656467bcc66f3d96ca10e9a3609462f1948b71935a358c20d0e7c99bf586babac1b5dffc52fbe86e58820e4ad4b71ce973404dbeacccbe700d29f3a132f9bb36cd7e17b36a123da0f59c250897125efe031003db893154864acc96aac80ebd57d640dbbe06f7ea0dc300c949a42d1d39892d13dc3e1107b71187ec26dfccab651a4d946ec97ddd1148ee7525c198e66572f0745080e6a06dd7fcb56868617b61989c8e37ffda9cfea9d31aff9fc72e1078aa91f5a50b88109b44deffefdfb4596177985930838dac0d1b10a34ad2999750977267160f750af956b7765916e744e0d58689209ebe80092482200cd3fc2584a4fe665ce626e17f6bc6dd8f65d57714a36d954fb3e1900d9457b70504384801b3263559785aa144db0a9301def9874eb413abecde3d80d6b11cd8afeae87af89fbd935e83174aeb5b4a8f7db0f5b22e1584664bc644416bb57e6d4fe19652d06c7412c0aa72d0d9b03c90d2f1773018b91b0f2955e1216db77b622af019b3c2fd1277c39994c00005e664b480f8f5332b1555154609d664351f65ffcb95f16579bb3cabc93c82952691d86c53ebafd070b54ac895d3a2dcccbf774bf0fec44591ff85ee807a2560dc1e9940698c6a298ae6d2b3200690cd0689ae1a609dc7ee86377cd4dc3f0180167c0a9200b37021dec65f6248e6f244135f241af68023ea26a20f28b55f65ffce7ffe5f5c50ca70c9221ef6c4699659a49266c209eae2ea6a3f8f53b3707911ffa7ddfa15ed5a94ddae79b990744695355204667d37089f1a4ba9f17ebe5b22ef2a62c2146fc25156e9309651e250933bf969c0b2bcaf34ad112255d9a2304700e8190ae9759ba56b11dc41fdfbd77767e395bae5b11fff69e52aa6b001bc7c327146810731404c88c2f7ff54b368a703896299a961288a051fc286c388eeca2a32bc38225d1e6160cb4403c03cf0234318793972588dac63cdfc152bc0f8623363267be74623b0a63329486604433aa5e513826b43af2fe72b932b1a0729dd5d87d86ce235c031c1e622d76a2a2490e340bee874549789797978bc582b801955bfcd21f562098c8177cc04a9093e0628619b79ca1cb336bcdf1547a52b612e1aa67c2904a6f4253e7b7118f6652c136a464a96d0a7b69946d7529a3b07fde252734514224c45684b5194130e78dc90f66a09236f04e47c87e7c663ba33a60eaaa29720e8c571dc5b58671f5d22473b6611df13d7f6e5fca29665f6c6d5812cc83150dd5914b0579489a0fa24e6d26214482a304ad35a8ad498ba66cc6440847aa6956135acc8e3812ad323d6261678494fa468749ec6dd5e46986f34d00a94f6a165e2504f9c05a1c8d2ef10fcbe7f403f0651a93d3f0c576d98e9b631c6cb5e53f59b7d73b3b3b236d8d4693f1784cdce04a7ea5b5fc4a46c31d7c30f53811a29d6f298a76f2d9340cb4604b73bed6185c21b57d61535625cf0de2e1ee74efe0e06867672f0923227aeb5df5c984f9cbb42cba7a69c31f028845df19d1f3392c95983581a6d4f5ed265e69a7f198518e2ca6d10a75ed55d3c3746a4419c5f309a0ad0c527231b29f3ecf674b76c921d98a0fb49c468a15d8891932d0c6fa19fa238be4ac403b95a650d4aaa85fdac6b4d9a04744b025602a262a02e1c3c5ab7c69061de4513ca5f6d2687e2420a0090bb943c1d595448504c476a119ba4910f2a7ca3c47f794e15030833926442743a9dbc6008a0d4b67a34c465808201c4a324c36eee9023185aeb10dfff23540c65488581ca286b1101546f7ab70e6b5b5032b9b1f5f9a9a0f5b4d83c510b24420d8e24fdd4e5963bc522fdbc66f3d42ef69dbb6796aefe7e0dca29f7db2438320437ffc707d355baf103d88a996c48dc4818158380cfb651dea61c422910d0e340ca8e92266b80956973d74cd268411859a334b86629f1cc9283644a706664455b699214f7be40ef6ba8d4535682b2f58b0a159340d40fff2abe35abac7963a46c4d05b5a0f386907cedaa2d8ece5e53006abd13fcc6a04b10950c530c730dcafc51662b65464aa218321d5dbcad4f28589f41ffec4be398ade41339bd3300e81b4025e8d8ec24fc838504c8505d6157424086f384a900f009a56b12b35cc2cc6376a30c48179d2757e79768959b467e3721dd7345a6036cb4b0099cf2cac6100a47db288f6cca961c08159d814b8c043f8022373d82419d28625224bb74ce8c00d7c8107d91536e1f3d6ee38895fd9845da9cd34c0dc895043c5e6bcbdda6616da2a9290212ceb70ffe860ef703c9a7a6ea0797056df5cb27f629aaacbb355c69aa8d3040a5daa645cbb912067d91e895f25c1349c00773808cc40377b3713e701aeb697edb5322fd36dc38482df7687620afd62f62d0c28eef0291a848eb946b042605be0aaf1c672d81ae812cd7cd9f013e6eb50c62e599a020b20c35decdaacabb160ed1ae640fd54a55e54a7badf40036beba2b52db048ed9b563c6e4e1d59956e1d6fa10cb6633c8678b48eb98084a3283a685fe885b16e068889b0f57038984cc751ace72e904494477433a1975e31f4d3abab168f6ac4d904bac2a867ae2e250c0c2bbc4c7106408ab1ade5b1e4f69a5cdc2eead68241c01a31ccb235298e3796e9811b8c06a428b9b79758d01848c8604b374b313bd0b929fed446664c007c732476c3f7acb3dda78bfaf5745bd2970906839f9d5d409ee66e54a56e10345b20805870bd0ed091cb29924bb66027609a76e81866e1a8e09ec6f1ae5c5b64b44cded540384016f1a96906177c4f9488044cddae68a3455aa063ed6abbd02a43c16a3c5bca64284fdf9f4ea71c77cb886cc31e74dccf299738ae4a42509896f3347d22c0bbf8989db1828021dc80865aafa2dae4a00718f1aabb9a429d5f6bf34d6d20b2d1e774dde5459be59b2cefb2dc2a32ad8f83599f769b3987b40a95a39b86c4511845d8873ff1d3feee0e250c86c7263455fda20d9a14a5944af7f8024dfaf4e9539a2d13e93b233e909b3a8df772e1eb979f0c926416818fb0da668f3ef5088b6e2a6a666270acad4edd063607c6e530103f6559b15aadd80f1a883f59810d79c7387442cdd0933f246df9736bb7ed428508aab6acf69230b499c84aba87bdefecec1c1c1cf01e87d1564f6c97ed6aac6e8a00050ebdfc6197f8b0fd8cc4f9dc4cd26b2c1c4075d176f3ad75b65b99a429436ae72fad23308aa4e88cf64f5b7514636ffea2ddfbfbfb7415bb809e2d62389610692614ca35728c056274e9b5b97d0856d8ee44deea5887cabd643324cb06d5c2ab2881110c046901a0ba40b4e42da0815dd83f65b11ee1b0a69ee23d5fa7659a356605d6df768697ba678294ea1694031d201b7882fb743ac61194aad861dbda6ddaa15574993fe9ceb367cfb0db7656c196a1d5fbfff122c49054e5809e800b7c8d5f545918f9e19b1287cf5886ef8d61818438623b32cc9f1c85d8e327fe04dcaccfe71faecf6169a13c665e7c83b90877fc66ccab854d38961a8710e1137d63ef6c0995a175c89d7cde422ccfa971a8bfe03473f2dca6cd555164bcb770eea696bc505253fcb11f992eb043df0954245bbead1344c43ef464c6e5c40a744f8fa2a188757d74276d26c2b74cce8f4a64b666bb587d5d8ace962ae279f52ce4f0643466a5565377a945ddb6d3d57a6c8e81e8aa7a89374d38ea4c9fec89121104cda423a951d211666fa9bb9b1e65482b1eda66a51a55a9d98a55be29b24d955be63456af2837ebb45b179bb4aad76595822df0b769ea3e1e948ed52d5ac031351f39c6d42a3a17c1f79ade04fd992b5588388904585c1ed94ebb904ad6131238fed57c057a410f3da203141096c93820922ffeb10507eb48a52ee7a065c48b01a330acc1a234a3d82e88131f5f883ce8b2267b18dc404515c8ded91d4f2623d2c8f5e585029b940d54681a8de2cd14ce5b0a60012e0a4d13db00976fb620d34dbb10244809d08c0ba2449d0404b4262b7557f0bcccc6d311104c4946ba14249bcdae56e912ae8e42afadf5500dfceb7a44824cebb89de76b12a7636f02b773bbba2dd64dba68ab6cd391f9c87dba9135b890b0a8c1338783e1827ecfb73a17bfe25174b02a5cc7ef7bbabd23012c9b912fb2f4b38f3f1e2771b65c86a18fedaf974b309e77fd555de775955739a277b6d0dc236057eb1a5038d55b2db3f92cc595ae13b78dd31438d25fe79bb24173f4d2f9fafac579767eb159aead2ceb159972725714cb4bdd89c16a9d3cb396cbee7a6d5d17dda2ace765b568f275b75a6f964b203fa81b4fe495b7eb65be9c2ddb7515a8d4eee5ba29bf35190f93d0e31584769a2dd06cd8612bb175471d0acc206efb6eddf5bff7eefb60afc538e10035d5e495130c7b7d4d8ec67b0408ee13ad20709dce1f06ee28467021cd3400a5c1d07cb55cc00990675be7945840983c4df44ec683aa9607414fd3144d9d6fa76c3b0eedaf7dbf37bfb8240a07be5fa7a9b3e93b9d84971e6fd0873239be0d4f14951eac14c60985709617f65ffeabbf0cf11027b00fbb551d2489d11a225156a1b9608d6f7429a9ee15a7e19f6d9dc4ef9a08a1b11ff2c206f021b4204e55587caf8b44f5bc929ed578a464d706a3aa1ee00dc35440199a00c33ac5a99323b0937ee57fd1032ac15cf900c874d9bcb931341c77f9ecf97bdf7feffebd07662a1f1deb5c2f42e20331f80b0326117c577fe18d575ebd7d63328c93302cd2bcaceab26c5659b958658b355fd418625508c8961ef1b1f13b1aae7b8e90951a143726d7c989c6c14ed0ec7c556575d7f4cb027c94cb457675b57c7e76f5e8d1f3878f9fbd38bf7efaec6c7e3d5f91d916ebebabcbebcbebebeb19ba0ce447618222a8ea769d656b1a4271ce9e953f0957910fd4a2fa137b6dcad7df7cfd4b5ff92a91cd265882d5600b202f2b988a082c188ee1833eeabc378421ba76650156616716e281e063cf3aa144b8c22d10881f868a59c95c7233d913936a57e6ae26944450b5eef4210feb062f20c00ec2804e0000c79c9c3127bb1143d2bb36f1f9f77feb1d5110742ae7b1898604a056ded907be070a799ad11741c95c76ce072548cdf80c5bcd85003d008996b4fc20ac6f8afea6f6ec4de85aae2a8286f60521aaf1e5a0058b49f774505733d06c510b7f0155358306a9b228cd3c6dd28c4f8e83085124ebe2f7bff9bb7fe7bffafbef7cf75db206b822dca3644ac550d5057abdad56e328e8d5e9fff49ffc435f79eb95491278d6e6fafc8cbe60e5f922bd9c2d530d9f5aba27595fd7c24da37092847b83e1ee648840a2b2ee79509e8b1a6aaadab53d2451b1cac9999f3d7c7176390728cf2f2ed7286805a43ab5bbbb3b4882a39de9deeec0d71349e6f96a553765348ca7fb0783e1a4b5fdd9baf8f8fee30f3e7d78314f5745d3d99e659b136df48f22b9e7746ee3859b3ff5cfffa95ffa955f26f9d1b6fe20a64ad36d71e0f04e0fc923d118f428c1cbf11b3b4f6906c93f766c1f096786850324df2acd35f0e938595a1084901c71e2fa416560033a6568e069866c5e1680a6781591e0dfa6cb7585734b05b01d540cf4d4acd00835853b78a2eff69ff90b3f0b14809e7c2784280cc086fc6b788822864406ebb05a9eebc67a1c8003031f919a3e92dde57800ebf4f0350a1f50b71a3501bee2928d7480eb6e2fed5373e15eb0684e2a4171f08b892641aa6fc636246df90b3ec4936a91a416696e3d5bbcf7cefbefffe0034a420218b3b4b5a5e1584d946c408ae660b4159c77fbf4181bcc2e2fefdfbd7bf7b3fbeb3447cbdd7ffcecc34f1f7cfce9830f3e79f6eefbcf3e7df0f4eea70fef7f76ffd183a7674fcf96f335edd344968de6e9cd66cbe5629daeb2ebcbd9e5d9d562997eefbdcf3efcece1fb1f3efeec79fe6c5e5f2e6a7828d54508aba26c24756c9f105faed3e5324db3fc7a76351e8e1ccf2f6bfce7e445757db5408e2b152bb445121210a090ffba268c03c7b7bff4c52f0d46636a5bcd340258680aecc6a7ad9e93ade42af3e6688e09fa460f21d4edc34085e3fa243602cd167fe84a642c8967e0a4bcd01d33b115fc4116911fa5cc3a5d2b8d3b3a15b9fcc9f7d4a4599ee32f684868a17ad5b53b88451d8e5d22baeba6b57feae77f31f03587230c23fec6aba69d3acf20aa5079529bc24d591cc4004d5686dcf88b6fa815e90826c0c786ab2046e52f1025e6339a8fddb00ea9904dd8bf3ef137f12555c83ef4bbf856e9d0fc8965581513034ecdc4d1cf62f9b65b5ecdbefffbdfbbfbf15d4d234e0b23d61d8206754eaa190e7c6b93774d358ac3375fbdaddbad2de64f1f3f5d2c5734b0a837d7d7e9d52c037859611566c886a2aaccbbc5bcbc7cbeb8babcd0d9343d1b8bc2bcc8d29c4825828ab4b8383b7f713efbf8b327e7b3ac28318215101c7de9780d0321303573aacdf312e868de9c65fb815f95e9d1fe3e960521503e4916381685ae5a55274d390330e8aa2410eeeb6fd6abe58dd31bafbefe1a66108923ca94cf95e194c4b7a6107e0c7aa8a5355e40e5e00333b215ddb41d1f815b9466066ccf11d340334497f6606a098de28b60c004fb63c1259289b02e7b01742e854847c28b624d2e31c845802bbfb03a3c02f1087ec235eedd56b0552191a346b1b2243d3cb97d517f69f872a3e9109460dbcc458f0458b3bc6cca36fb4005a00d2da7bde37b091a63220d316dd7d44125ae74605e3aa4b186a0a32277bbd858810e8badd40180e435b5b540b96405ada3500a5d6f14ebdebca822de9b222563423ca341321e241c48b30b4c83103a17178bcb79ba589779458bc959d8c8880839c3421b5f5d951757884e8467d1b383d164f760ffe4e4f8d6d1d14918c63ac55735e003d016bc2ab8dd4a37d6aab1cac242e4dcbd7ff683f73e7df7bd8fef3f780251d1df4194d0280a1902877a0c3d364a74a72b97048186ea6a1292a3cf14849a93db96cdec6af6eef7dea1caeba39acd8958e143dd375906f0a8b1981dacf1d288f076060535d1d66aca4a66a1fb2cacb05d3cdb4b223d02877d514c918f246701ae4e0b6a4467fb990db7a52b9be06efe64e52d00c85f7c0f33518e51b2e869b27feea77e8eb511bfc4990ec2e63496aeaba0870dc084a84a0526a287af70aa065434bfd383e2748557272c3baa4ea9b9355063c675d995529cd91dff0a36c0eea5b3841556011cfa60143418245761263e6f9d8a1483544484e60f6c77fdecc5ef7df3771fdd7b487a2cd6e9decede743441039b016c24efc2ee49a19fecefdcbe7903fd8b390a3d9c61717dbd7c7131bf9e15b8157f179ac0b3492dddbe9b63876a41c7b1298e76f6770e0e0f6eddbe7d727a3c9a0ca79331dc9ca5abe52a5ba76d9ed529352f651856d96e0b0399cf209d1f405299359b262387ee4e74eb457244e007eaa41eb7d82ce70bfce4390126a3a72a2acc3938a28c3ef0c2d47fe00ffc81783ae120bd24a6f8dc4a4139e2257a5e461bc7c378aac8f4ccab2db39068709b1e062537d83a858e5770a67cc60b9e808d581b3ec4b266f09dfde99e63f0300b7bd54a66f807fdb1d95048b4684c4a68b6ae6a225c69825f951bccdd05a328dadeff8097f6a0148337c9ce20c0994cc61a58dc72c6e730170949f168e127e25c7c44f794a2146c260d1151e43885162b0076da2568cb0c9a35ac6913e69658b2c64b23c92c2c30966f43c8ac44b8e02655f8a45b140f395763741b2b09a3e970a0e7e859883088bf44398c628d2f9352cdec669d3679f162f5e869f56266411b5bd90714790dd129c61b9a42665999656de7174ca7d3c3a3fde86097f0a22b54ef51140e62bfa9b2dea60c7bd6d8b1a6a19520a469d64667e3502823d71afa56209f5a9767cda3fb730816d8d555e16b58c41924e1fe740c29ee8ec7d3610c6b26340e07e04682b06e311355cd93fb0f1fdf7fd05c5e5885eee1254ba89126845e2e180a1ea2838868c9444c8a17207b8a1e7e3674a04c0a6d60316866bb2c160b333de1e558df7643d6c1795bbff00dcd61575a41f34b35d80b5d0d58624df4619d324ba9637584aab67ff2a77e1624b3ebd96c361824ca1e4a49c69b341a542baa4c07802aad6c37aaeecde8b5af22bf1e4fa6b41010c77194ad33024d6393886bc948738b38b5494f1d33b762d1b529bcdaa695d071dd4da5a83180f60099f1268da7476e9aa5127628bbaa14a6eaf6a31fbcffbd6f7f6776795dae7332dcade3d3af7cf14b93e1f0eafca2cc969edfae16f517debcf5f5af7da5ad4a22315daf3ffce083f95c80257fe30a0ee0bb3d1faaec59816f0f43774442d7109935e85b376f1ddeba757c72f368341e38812b720c5dbbab6657178bf982a62651e83b7070070a5eb97572e3686f3a8e5eb979f4caadc33b370e0ff7467b136f776c1fee79fbbb5e127b93c9e8d6ed3b1465088561424d179b21770d6f0c06e3388a738aa3aecf87523312a94854fe22b75f79edf6e4e60d2b5b02064b97729b116a738a834552bbdd78beec8fa9d0c154e5d2377d575acd76b737813767437b51942c572b804a5923a01aee81ed4cc6a09ed1492e1884cf9ad2a67b8f6a70862ff9910c1506bad1002e6573e4b1a056890ed9d0fef33ffdf3c01058b13d18d295db82a146a6798767d88bc1b543fc2589ae6ee233df6cccf31f4189f42072db464f05182508496870526b068534baa061000d3ae9614aec9383827cf6aba9dabacb848a021bd98be2d9d28ea49281b1722241669ef800809bf6c1279fbef3edefacae17a477df766f9d9cbe7afbcea62a9f3c7830bbba22271c1ff77eec6b5fbb75f3147c403febe5e2e1c347cbb97578d87fe3f59bb76f1c4ca663e2ffe68dd3b7df7e637f6f7480bf4783dd51bc370c6e9cecbefecaed9b374f86a364b233b24394b8b9ed6655ade6d77996ee0d277be34918e86a4b2a3b32dafecee4f4e4f8cd37ee98eb7c822470c683e0787f72ebf4f8cead9393938323fe984c4c701b536a4a23315dc749b2bbb31b06116ed66cc7ba2ef20c22c2c528bae168f0eaab777627ba3b472ff2ad82b55441932b40a1ab871d8558d52234f5c8223d98a2358fe146de8021720952d9f77947be689218c908f49881a13e35127e64c1e30a6073a59e699a88871570004942230e911e05c702ca7c3db002fa20a3d98301ac2dd561ffa59ffe792042f623b788af70a316dbe7a03a492e20eade0ffc4f0f28458cdae260a46b760138d8101ec3e5c433cd7590101cc4e45d156a46d9f11ba0743dcd5a50b6320f55a11daa1a008f984697f86fd1b3d5467c025cfa074bb44498eeedfdd9871fc33dabd99c4804622707fbafddbadddbb44f1eddbf385f12103ffad5db5f78f34da40f4a6b673c8ecdf9ca9ba7e3e974d7d58d159cc9787c727c7074b4bfbb3378f6e4eea65e236087917bb8333e3dd8dbdf9fea12e9249c4c47b6868a5038a4a22a5fafdbbaead76de46bcac0b6fe440660e2a258f3659ead8a7c455e8b43776f3a3c3ed8dddf9b0cc783d16404a9ea564d6d4b0d8fb608a3f0e2f26a3018ed1f1e85d140e15e6b389dfd11251a39eb5be3f1f0e6add3c974d8373783d0245a8e674859fa1132a6d8101f5b5815a641fab4bae1116c12481658361201e752444b8b2293cd348c3c458df18d742d5f2afbb0468d5f34415b0cc6e14d89cebeb015f197e77a7aa1ceb942e4ba1c7413479141946e8968ffec2ffc32edd73933f6a5714bf3afd4143bd702654546f47cee55a54c804ce40120dc0b73d0187ed44624369d24610fad6700c8d720801f8a328dcd532ce82d78a21322213297660eb940508a5191aebd7114b847d0418a698e3a9593830dee7dfcc90fbefbbd32cd2865bb7273b4bbf3e66baff88e7dfefcd97a79717ce2fdf88f7df5f8e890d49944d194a81f8d4e4f4ef60ff620fef3f38bd562ce71c8f865bebeba785a974bd2d074105256bd71ebd6ed1b27a3d1686bb5e164b4bd9c5e1aa36ed375d65675e8d8ba67cf28d93fd83f3a39dadddb85681502aa14378338d8db1bdf3c393c3e3e808a5039eb6ccdde4a4a35a503b7c8b2d56a65bbe8b0e7e3c96477f7d0762906f334d58364759aaeca681bc1b5bb3f7dfd8d3b47a70728c6bc4883b19e702575a7ab8e3a430cb532974b1076785de869692c2ef6341f5f3347c835623b56d059303cbad9e89e16923b62178c8bfd5d80e3799a8fad2a4c1cb80503eea46cde0ed098eb205c7ed5cd0ffbba8382794a969295fd73bff82b5b6fb1069622c2358424d7e9851ae0adcc0b5cca0a6ca0cb71351f8583e53efb706c438fb45b6a0b4983c33924fea6b7ec07474221e084d8e2b0008b0a139c9b246db847a27b3bcca35e6d434c13768555feaee88390cb3a5575ef934fde7be71d2a48c49ebdb1f0f797de7acbedf75e3c79b45e5dbef1f66b6fbdfdc6cece4e180440870d535d846f79aebd339dde383d3c393a40507b7617b8fd61e2bef6cac9cde3fd5bc7c7b78f4f4e8f8e764663281a6901be86c389abc7bcd32a73cb9c6556e639092e8e8278108fa693e9fedefef1e1ed3bb7df78eb0d72e1e9e9d19ddb37eedcbe75e3f4683a1d40db48b8a22e1d0f21a2db6993f7e93b1908eb6569b17770940cc74551cde7abcbebd96cbe34374776203a2a8dddbde96b6fbe72eb959b187b952e3560dadb6ce7d401098ca193f8b19e484f06173b69321071c76aba1314d18d880132267b63a70e46c1ce1e3945b6c5c22f2502d9479f4d3d64320044091acd980ffa64d386b091844e0504c5183aa52d423180ecec3ff79750cdba045554e1425e46d3020b6d4ee4e8bd3103038097cd203a0889cf100a84ca5aecc863b766d6a39e03d7eba1018924ea2ed512a0673b1948770e905c22139bf24ff783204d92370197a043af380cdd63312529e4cafa2877f64995b6c9f24f3ffaf8831ffc60713dabd286c4fbc69d9b6fbefa6abe5edefde493ebd9c517bff285e9ee54331aa9d31cbb2a32c29d504e92786f7772e7c68d93d3c383bd9da3c3dd3bb74fdf7cf395a3fde9d1fedeee689ce892389dd805c94ac1be3f184f48f540c7a21e063df3b542a8c97ddf198c4661129bcaa29f8c863b07289bd174479385e341a40718a231092f738330fc614e544bd32ad5e99c5193e6255557bdb12eafae678bd57cb146dee24a8d765a7073371886c760fdd6913f44bb94627839d591e3758ea1875ba0195caf7b92e9fe107d8a365642479206c5ee48e052776d0213643192008e680a739f248144b1891f49a94811768ebb3ddfdcab54d312743b47b21a28a0c99aad5555611c8f4643364c576914c7ac0398345f49a833a29a1de93e7566e17b3a6dcec7567b30f25845bbf6ee786889c964676fef80c3b33b1ac4b76002a7f3e7165b260e448d7ccf07529c2a2ba501a2798b7bfe41e8287e841b5ee657e1e71f2d0876d84fa240e2a3d0cd0669a7e9b6651e7940ef909bcb4d5390aae890b2a619dd5a2e759f11a42c85a4ef123dc57a756d350552f4955bc7b76f1d1f1dec9c1eeec11927c7c7bba34980815d97ba7407c11c8f35bb72a37b4c99d9f46ed7f34052a994d1a02e7ac3413499c494a8769f30f446436f3cb4878945850fe67ccfa71a1f6eefd862bb8147f5717d7d897931d4d6bca4b0174f9f3d7df2847612637c8f798913b2308509d26631bb5ece66b8d85c37466ed240096b624e5e5818996d14c3564f207eb1bdbcc0015993ef3094f95d9e95fd1bcd6bc644e671139a7ec4422ee1b8dbc9c72c9a866c3ee765395f2e700ddb722c3664ef5bc9cb671a3f374bdfcc4006f25691e5221068e4f39d92e128f6e278c08ef25208f5434db82414b2b2582c972a1e91ccc6b91c03bc8139f693add74d696e33cb620e5cd545ba5a4bd4282de9fde5b2fdfc324b41321ae336535500a0d1528a2f23b96a5d1dd19645575789ceb89a9f3f475b3288c93d755d62c610d91b058edbf7422f8842927a1f2a07f2e361b83b757646d628b6a200298a76d0b9368a443e5b9b4c77c1d46c76badc777c1d54c3823d9be480d82329d4d6f5f5e2f1a317d9c59c96797144398b89116104b2920031adb0b66bcb6d3a876dfb9d1d538ab9a1ce7ae86e707e654e41e77573b59cbfb8bc982f57b9aa2e0999559e59b683a0c66c459eafe7332b2fcdc32920a0baceb34ef77a723cbaefe8cc83b96ac9d889c8540012bdd4283014398be654ba1db66aa396f4ddef6dc8a46991cf57f3cb99b225653ceec280a83d11671ce329bc16871165e9783812747afd68304c466372d7f317e7cbc59aa8d8dddd1d0ec634d2fe855ffa9574bd465bd177c88ba2007ad5c0008c57035ed5e1242b15fab6b3ad2e41391886ec286c6878dff1507dec01189229b123896342fdeaf4578b6b5c4e1982e2f1f43c5b15e5e4419a457821967e080f41c7bc94c10c3dc9249607d56e67da408f179fdd3d7bf0f8e12777cbac68cb2a5b5bafdd3ebef3ca2bfb3b3ba7a727559339c8bbb0afa9fb911f279a9185d404eb94b9c8ba7e10ea965bba130a5f3a1cc30e3d9d741030dca72fce1f3c798e6b93f108e201959abc867086cd968be5ec3a5f2eb2d9523710d273fcc9f5be13473dd81b45328885429aaec13a1486dd105514d2d52672427218c596e306b61fcef3ea7a9d5b5eb0aa9aab557e395f9ff34fd5ea4415fa2172cd8dbf68afa30965513820e50f879847f3d9409607e8439238e5b9a482d18eb2132588863fb060cb8f7c48b355ab3bc1949dd5d2c2c5fc8a3e20954ca2b3fd28707d081541adb9bfa81d542c91afc95e7aec35f5650528db0dfd8b68395d00839166bbe8b676646141a5aaed9ffee99fa711c00dc2d1c033dc27d9403e821e5f6a1ddef583213ecdf7f67df690153949813e687d12a794964c48668664917f84020c11466e0881777a8229bde357d687d2e125599c7ea3fba49a212525293189eca17022956bdc0821dd68d2f1f3bb77af9ebdb83e3bbf3ebba6cd44ebcecee8ce8d9b374e4f77a763c1a94ef53023cf05795002e200e89bd6a214345d41ef7a9c67bfe570dd46f30b8148af3fbb9a5d5d2dfd2099ecee51bf0ce01efc041a34045c938c7b948a9bcd3844200568ded97c8e6dc693915215eb20f15428d36c500f2b6aa6568fa27a5d6c6ae8b248f9bf6af2ba5de6e59ac45ab5aba2ba5aa4e7b3e53ad31449fc4406842450535831701d84a26e8e9ee8666cc87efa4be0e27b2719593da542f85e895fd091c90cf9f059da71b15c005e3a4e1a6b25542b6c920c928c8460486b9da6902c6520ddc1c6abd51a2fbcacc5343edcd3580d4986e24563891afea1d69360d5e55d7c23895257adee820005415f64b58c983683467a3763fcfcc47a3f9cb14a92fee1503758425ef0270bc28acdb7ef4018a4f181efd9cab13dec0aa11944725cf1fb3ff6d2190c1d4c0b765707588425fdbb31f4a444d6ad574f1f3f5e2f5734c694911135e276d23e49767070707c7cacf4ac73ab2a0878515d20bbc0aeab9a4f276674e75273d584ad3bc2f4681649b25a644f1fbf582cd6ba754f384897f96a9169ca98e55848ab067906690660987c8f65639d33df90f5671717d66c5ea56b9d9bd0f8a18a6e40891f2104d6c10ec214fad60da82e8bba228d4220a88ac52abd9acf166b8887acb5d12d30cce5cc6c80c6a1bb7551aec931d7335e4f3efc245fac0d351b46b6747a417af1a5c5b6d67a693a168e8bb5f1290248e2b56aab5265137f29d2ededf4bddadc008d08aa75e98bae8151dd83e8c1ad5b89c3aed88901964a72c29e6ff0fe562db0d8dff8a57f0d29ca618c486e59497d161f48b5f0999fd835df68d4e2f3b3b27ccf9af00c5d2033f0d968260a558845f35c9a5a4fc490ef3b08b4a2db7ea8502034f02b84a93a5cd8560253e7092e133cecd084b0fee54f3a24f454d5d5e3c7dffaed6f96ab75b1cef570f5aecb33c8ac3bdadf7fe5f6ad38f475d9645de0280d0338e4ca28d635317adc2e2d8473a84369b9499302963c51d6e52a7df2e4f9a3874f8bbc192523ea947b771f9e9f5dc0061ece3267d5d1a7cf9f3f7f78effebd4f3ea488d49d4dbb66b19811e230000a919eabe934dc4810f65c8389a2a06350b7b96cd6caeb729951bd501139b3753a5fe557f3e53a2d75e193663552756fd050a1ef921e508ba16e2be00da2d80fdc6ffeeeefa03c26bb3bde6040e63283b655120f0c983830ef4af6b8820091d808a2b6d9e499069a1cddcf039ea857e699ed1ae1c13abafc417a940a04b8c4b1eefa0b44549098a2847ea8603120c1dbacb905063fc21158958543d87ff62ffc3448f3034482eebc8c2db6e86133b33b15625bc444e666cf84b2404e1b3b5d066e42cdc8fded195373608e063860082ff06803d20c9785ba23f816208671d5328184ef0415bd4c63cd60d336a0d0e2e6588d55e60f3ffaf8fdefbdb3331c17698643a081b2a8c3c0bf7583d4751213394037f4488d5501582d2c15622c54b46ea86282911d4b4f6118739d104d2daaa78f9e3cbcff787ebda8cbcd7a99019df7defde0d38f3f5bcc97f3d9fcf9d327fcf7f8d1a38f3ffae8c377df7dfcf0eed5e505e6c65dab7445ba83d27676269a8642a78815433f1da982549567e43be28d8403ebacf2629ea66b9dcdda2095e7cbf47a9916309c3911adf162e27bd3c69e03e843df0bcd33a313e4bfe37cf0c1fb09d5e364128e866484aa2a9121302eaadc244a994de3611de83186ed0916bcb0aab98e0196c13fca658ae4b6059e8edda791b42ff0f4a8ec861f745d65ab492de6023c8e6b02faa5809167606b8cf7f92d9a849e9fffc6af0011fe2036419d698816599b039ab29b0f7c63fc2ce2c2227c434c001d70ca37f89d4f985515750d3dc2893dddea2f424bd1bd2d5de93405efb44e37ead2639b0ddef81286a09dfacf0ced18e8b010b814aae41a74ebfbdffbfef9d3a75ffdf257d60b6a91d5f5f57cd36e06c9e0f6cd1bb76edf4a9238988c3ddf25bc97f315da1fdc688a2e3464ba41cd61764ae66287b5a89ca2f4eaeaee6777cfcfce89e02ccdefddbbfffe0f3efce4c1f9e56cb1baba78f1fce9bd7b77efdfbbf7f0c13d00f4fce9d5e5bc5b5c148e9b1d9f1c4e5486607fdd9b865d43aa5850030895e687d625302934cb15ecb7ba10232dcaac69b2aa49cbfad9d9f5f512ac161560679dbea3892288edba21c2884fb9ce467ca025d9830a8b92a4e3f9a39da9132a716331800aeeb6424769eb654ccada2842cc0dcbd0dd22e73fdd675e64e3f4c94a543eec80a82e8a12d30c47c3b2d47014ca06e32b7790227a24799db4c715a0100691970506b10e5ee31df4f421c0c00f9160455eb22ae90ef12d156ee6dab3a31f0a23280b29539539921cdedf16e4a44cdd52e16579af2531d70721a3e9343de478286d370841afa608d1db6db656c236a360069a2f177db9858e3ea0a50110805d2d16cf1e3ff21cf70b6fbe35994cb40ec2cb0fa981a9848999a2ac8132d9c70c02b1739b32215d23e5303b898454692edbab7895159cce6febd5c5d9d33c5b0e92f0e8703789fd3c5b2de7ba7ba06f59599a9dbd387ff2f8e2c9a3f317cf2eb3754a760a7b16074760ddb975fbd53b770e76f708d9e78f1e3dba7feffafcac5aafeabc80abc10eca053e214c35f9c6ead3c60ac7a2d0fbfd7551ced76bd26f49dcb04edfae7445901aae51ad5ab73ed7496c121e85c072b5b8ba1e86f1f5f9c5fce20a55645140e80ca82f9ed322339a0fffa3057f7174f64af9c4eecc8b3dd60ea520753c0169748f40a033453a8d0d1df02728c1d19abffff9ed134ce4eb44023fb132df1030db0f7d00c13f0013288489ce686cd7a6056c0c3cd986b559875d8fc6839d9d9de1509743a729525da3a4ec01ced9ee9aefd132ae0a16e92fb4217e250a6062f004bd2bc0aaa6ca4b52372182716d95a0f85b3ac7b0c33fb205e0a514c1dfe97275717ece37d1de3e3b23321c37745cc9cfd9325be5e56c95cdae972f2eafd3acecd9a8fd04f8a313336a65dde6a7c376621ddea16e5a5be475beaef23489bddb378e5f7ff5f6cdd383fdddf1e1a1773ab08e0e82c9c8a59ce2b5bd0fdd68e41c1d245ff8c2de8f7eed8b5ffc912fefedec536352de0d88ad28ba787186b6c5e44d499125494768612efa8ecec99bca9415a856ab683a941b5dafb015dc8157fa94f7ba29b5f20fd9479310091af205acd5357955ac72d1ede5157d70829000d0735810e6e4cbffdfc5ccab83b7aabc582fe6382e19c4fbbb7b93d190386faa92da7a34c0cb70489f0489dd97cb39f1847f713ac7a7c8de8283f8441ef01948c00ec0836f8004ecf54318d97fe51bffaa9ec56df5ca1a376bae4514c5181d1da19bb8ac96c00a7f022fdaa433b4ba5c5cdaa4a99b2882b43a608b4e21bd63af30d073e0c075dd34ba7cc7f7e82c444ec3389a2282108454f55b00f348f6b52d7b93d41403f3b7a85a4ad93c78ad1786ed6afeebbff66b10e8d1cec1effcf7bfc9d70f1f3ecfcb9a5ad7f342a00c456b603708204e50bc9c2f8ab2e000d2916d438e64ff0eb2d2a2f1b526ba762d05e1ecfaa22eb230740ef60f46c3c1643c7efbadb7efdcba65f7baa3c3fdbddde9dede348afa81dbdebe7df4b5af7ee9edb7de3c3db971e3d6adf1788ced9a8d4e7c62ec749d027c14215254a590a501588c73753d4bc9194dbd5cadaf961ad4a93a6bbe2eceaf66e7d74b605469acafd799b10e1cc3df6e4531a813eaaab571ac1e72a0c11bb2caa9ced29d4449e40e123084a530a2656bd68446cf54ebb10f1ac2ca84bdce77b20b904d12125acd18b1ada7c96ab6ab14705f1ec1175110a6590a99d10ec40035bab9c87d40d250942230e4139de50443100b7d27c3704c45f74ffd955fe4a8e008d91444baca0bbb43b440818db374cd51c9e2b297b9eb200d6447e0949d6f41ca0a2c204a8ca5a6d73020ad44acf51d006026bcf2cd46f74691a0d6508d4e1173081b1f1b1f98b891dedbe62d8c82045a2ce681e76ed6eb0fdef9c1a7ef7f74ffd3bbf73f7b405b2e67ab359510dab1a7714b541ebd2aea729d67f3c57295a6381249a42945564784214a74371609c68a08d6d98d34cbd315d5d2981021d562f466a34a2d0ca79329ae1c25f1901895d6ec86c36877671c46213a6a2b2c82289c8ca7711c22b3e6b36b0c05ddd11de0a0e9246d5b40bc55bd20d1b79b754ec30a5d1167b9545b579a5b5db4e62699300d05a2841931456728f4a4072836b6934034d0877374c3e8249a1eecefeceff7074342017ac3653dac08b9751a30c3b2c485945891a16f445f42136be93a3b9da3d69584aa47e89db616bb28663187aef3075b9a6f2df5835b693d2f742b9e8365f80600c98fa66e659fc20079e3a77ffe57f84ae50d95ade723ff5885d21d8261032a4fd5eddb5c460b90b1eab1d20cda500de90081f2a5608b15ed3e1955e37552fb1a4524de35aca07961bac41521084434024e6349092e7f6a9e9ce0a2dd0a3ce625220f58a1ddcc9e9f3d79f0205b2ca98c2e2f6610fe5c17c070c07e8bdd8921ddbcad2289ced3f5f9c5c562b562c36132d86afa0010c33618a44c21450d0034759983b435a97c6f7727880770e0b6c42d205d2336035ff7992500f0e27834d8ddd91143b7f660389d4e7706227fdd3a8e2e2683c15ab3ab2c2209fe2423c13879aefb30486a6e2c78009c778edbf49cc532bf9ccd5714ea043405250e50b6c2f31855f32a700e76937c1019ebc226763901bb4944cdcec111aab0134e02773d37c4c212d1d4fcba425c23229804e6d3e088e6c8822f4a1c78179b83811a60615b3812fce0371220bea6bfba6b9eb96f04590870b017928f7281824110c41df877cb43744b898c44fb73bff8afe17b9c80c7e86ddf3601a46c02c45411b21e88d1395dbc6aa02324b15f85a01ec1c24ee5a54ae3812221f5df2620308cc9a39a43c8c24ec1b3af9bad7b8612f58c2bf65267f976875ab645bb16f361b329d7ab4777ef3e7df868793d7bf1ececea72d6f57d3d8ed672ac3ed4ed7568523d1db85ca5eb75969e5d9c2f56cbd00b6014323884a97bcee9c1f468a48c50d5dc11733310c294a270e7f0c80a6274876bfbad94e566106b8097f8e77d3c1a039693d39393c3e3d17052d6bd208e49bbf0eb6c3e5f2d9758d6f794b0b29cff0aa20703e94971792ec1b6e9ca6e03d0f98066e6c3e56c89fccdca5a09445581ca138db4f049e1c3d63849b53f79162f3b3d928b150f23c77368901f214e0939cf725dde29e4402aa9335da1fe96b029850d510200b02e0ead343ea087cee0ba1abd5415581f44408d98c1172f204335fba2c0a6e61980c00b1803038ec4ce690e60c6ad448b71340422476f9164ffd4cffd0abec45708638c6d8604541bf133c46362bb8f1e54be34e8a329ec8877edc25c1ec60716a800102822a1384767da75c2cdcc02233e6c5767fc312d81c51e494bda31906dc9da5245062e7a1978bf448f6ecbdab72fcfcf1fdf7f78efb3cf3efee093f55a4f0403a89d0dc7831e17d6aa75bd7e9d95488b66b698537b93cd46c321e189f2847b201f95d6654ec542986b94a0256d5b43ea4d27aae6d94a8f88737b1dea3e8ac707613cf6d4094f438e1491d1c075bcbc688364d8b4bd34d5cd65d47f73219b4ef7d8f68a2aaa2829aa3101a21cbbe337f4b11e3b88266840662fcbeb8bcbf9c5f5a2d669234339aa0b30876ee68b79e17dec4c4429615910eb0696a1f5303765ed68324c46232f8e48119a1fd2f5ec684892d33978085351a9093558b82af4902b08179205917216cc062b205f02856e65540bdb50e39061439d4bc01be80b250dc81225257050bd7370ddfc480480e1945d8c97c1a8c67bfec24f7d43e644159873d154dec48d4941bdbccc6dcb6eccb3b8d95c6d60317e8596a4d44cd6a4ed682e7a8e39f989fd02aecf5185298803e021b515abbc82f7a4a1d417b8cd5c43a85daa58903ce17f76b22521543c5f7cfcde7b1fbdf7c1e58bf374add152d45bdbb9884de049ee24c4cda4990add03f4728aa9a224efec4ec74914b9b0bb1efe5a57f99a5574c65c034c0df90b4bf96e5c64d562066dd0fb5e5576ab45bebc5a5e3fbbb877f7c1a3874f9e3d7bf1f8e1633e7ff8e1c7df7be75d2abbf3cb6b8d181b7621f0b10455059d4df30c48a2c0909230424ae6dab4b9f48299e5d1d36372b3a29ead52d2167957500102820e46228c945c28968023d1037afabd968653a8802188673c1d1f9e1e4f0f0edce14093e43152d7014ee8150bf3c2a61aa0d4a9a315fa1797e25616ed1d639aa03471ef695333708295f1053d0f3c6438eb487de9ebeddae877df871458870e1230f406606c79a8280af454ef7ff8dd8f4116a8c09ff0e16034bcbabc600d841b0579e4fa75530cc24853cc4cbe44418022704193d990708f8388dd21a00d5cfaa08764878200167ea06bf4d896cf847ee2f8549b74c99c7ad2d916cfb509f04d05d96ac89177d37a255ffe218f9469f6b7fe93fffb6ffceaaf16f3a555b65e3f5aac8a20de05f7652be8004a745e5f37592e916d9814317f7270f0e35ff9d29dd3c388f0edb5569d37e5ba5783aa5ee02812342e1d24a13bbc38d3f493baea2a562936ab797a713e5bafd3d96c86b023f63464c40f8db530f01e4e63cab1c073ca624d3b8f0f774f4f8f7776a76991ca20a15fb61bf658d64d3ff0acd0a3c4c0e0556b655577395b3f7976f5e272be5c17804c27e135542332541e202e35fbbb72bb66e05903a78d6cbd28ab277bc357df7aedad2f7f61eff6cd603a7128300731b0edfba1659be766d0325c8c7b4843682dd52435208427400926e21092fcb6db74500851af1101bc8fd6dd80958d24bb54bb54093ce1f16b55c2262ee8e433f06027ecd9cceed2d908831ecbfeb96ffc757c2f006d273af9de6ab18402756eaba9897568c6b034b52482537bf2299443cdc8d79766cc4a07ab7459105bf12ec7371a8f06cab209cc6346a8f007610e83c5c3849d4018b81eb10f0b2914a84ec5422fa1c352974514469fe92cc17bd7179724c3c968d78cb3102bb6a0a33331ac4cec6d1aeaf04a1706f165e07bc707077bd3a9cb6195eeb3b6c8e98e292e25f8b102496a76b17cefdd8fde7fff830f3ef8e8fbdf7dffb34f3f7bf8e0d1fb8f5fe4d7331886c2c9daa8fa20cbc18fa43f286b95d69757cbf3f3f9d575369f658bd5e5e5f5d9c1f101b4e1879ee5f41021b3e56a4be4361a051ad0b4d1cd2a2daeae1764aed962b9553cfca7453dde4a1eed9f2203291b105c243350a04257937f74f620a0a22fd362ddea11697d71b6b9329398a677951ee8a92153520406d47652ea9a8e68469da45f286cd0c8064954cd3a11810c41df000b57031cd21b7c091e580716a024e6cbc0d758300ca0e816616aea8e642be9e6affcc25f237fc346699eaa3c6e9b4112878187178028bb83ebc8bb2414f68b9a72bdc076fdd6ea97a0b269423f041be094df1007b439cf521287ca4e2254dc2c52d53db3ac8d9900d4890875ad826e7f0c2971101c2aa214fa45c9d2903a7d06b7344d91fdadfffcbf78ffdd0f46a32902d3f707e47bac0610c99aa421d12d36d3d907ddb399ca92fe25713c1a2443b12249a02ad70b1238bd4315702874fca6630fbde56cf5d1071fbefb838bf9750db552d1375537f4ada383e930746edf3cfcc2175edfdd49ba4d7ab83ffcc37ff8c76edfb979e364ef687f70b01fedeef93b3b7e10235adae16438dc1924a324d3ad5ae6a430240565cb06052a4d49587628656aade54af2c89c1280bf35806a46554c65d335540294a42a21643304be4d34e25d0c85fe75bcfe8d9b47b7ef1cc761bf585fceafcf81a840a2c149cb4c24b0f20c385f4e77276412c1d2dc1a619d9768763f4afa2215304b5da30b2cb7a4029288104d29d6955f316078f1e2ac2cf3388aad0d05877f7d752dac583d92f57030d0d9680d07da1a01fc97fedc4fab2c6287345ce308e6f49a91267c4f0a83a93c97e24d237b448c06a3486634aaae3d751d1888213df498aedfd1941aa20eff03ff8a94a12178c8557354d98446608f28d6341c935c3784a0867fa010a56aa570d80e0fab522cabd9e5e5afff77fffdf98bf3613c2689936e50e16cc88f6aa4eed78111a4073537c276741d4a6781fe9df1603a4a22bf6f2e334565682d56510438b433b06dffe2c5d96236a392c7d793b17be374ffeb3ffac53ffa47ffd01ffd237fe8ad375f7fe3f557bef085377ef46b5ffe033ff1a35ffcd2dba7376ea07f41370436990e6fbd72e3e4c65192903bba892ec0905ed50013458bc6441ca4f0c64cbcd489149de22e96ab6ca56bf02b0c4933a5740817c2dc2c405a15173a4853004830ec44031c107f0403c7e1e1c1decd5b273bbb63f65ad7190eaa5b5230bff844a8ae17ae0b24c168349ccde660975249e99158d7cc2da730230af8ce5cfea3116dcca7917dc25457ca77541b30b78e646e136a033827e0c86c41dc813358ddf535b3d63cc9c417f7fcf2bff66fe2fbba29e908b0942f94820d07a82a509544a58d40a3b9ca70a6f6664d0316074f8b35e8a8c609b7e773242ce458c249277a5457185261e7029a6374100d85814855acac03b1183965549e604a73da3c7ff0d9dddffccddfccd272329a92037d0759aa13c83030845ed114f887d42efae1c0c493eea3852b2749381dea69dd0e4e948b080995b21420242d815b533db393e393af7ce54b5ffcd25b478727980ce1b998cf4f8f8f4916abf5ea4a9391f3baadcfcecf3ef8e84391bf6eaf161c1e1ddcbc7d7a70b8875f81621445ba4baf797a3e29004f885d39a6c4808a1af826cbca755a64b9aea286f964115dc1acae2a8a4cc256a5ce3fe0867826ad40e7d8a3b7190f07c9203c3cdc3b393d4a76c7ba21a350eadf7ff88c026810867a268fa1785deb52ea1939919e5b2bb620b0c230a6266bea268c062a98b6b7e23367434925b8941804fab0004011199adbf0e2584a0a8e5fe906ede62e06105110e8a7cd06dd9366a9fdd7ff8d7f1b58010f0e2951209e90e861cffc49ea606da0209564a8885f599ff73008703beda57dac8c0940256e95ffe52df88c0c8aabd44a5149d342865bdaa0a72c604b6791c1b5d062aefd9314109d621cc56755bffbfd77befbedef11cea3e194feb016b6a7fd34aa00aa12391a75c3f21ad2d7896a1dc0ed7783d01f0fc2580fff505aa3ec02ae2647938889969aea64673a39441eeded6114f1011652d268668893d5e2fafaeac9d3270f1fdd7ffce4d153aaaff3173dcf8d06d1c1c1ee746f024ea03f1a42def14221863e5026b09f9c62d5dca407b9440815157abca208a3d482b295726124491ffaad36933d7889781447a047391c1d4be86af0de9c2520c4f444ba41142118f503868d5c4ae420d258abce4b586876aa24a08563f185063fcb82a8c298988a4353c3e974019de7ef4a37f6e49def097a5fcf1d8853eac852c3ca6c4ee14451891a814b588f2f75a6c23c7f4943852cf0c25ffcd9bf8acb6931298d0f9810138b0734cabd1d02b6e25877fe81249047fc69684529834e63eb973167ee46a6f3938398b6b11aa4ab85ec0e8d986c4b034df9875881578d543738235f6e330f87040ffa9f0297b0ad9bdfffbddffbf4937b7110075ea4fbe84a9e13459b1245840d348d57b7d9c2ebdbb6b22de5017a230a3c740fd2ab6fb56140f10b5c65b66dc3e8396bfae6919f10439ae5005a273d7cb28e7dffd1c3f57aa58abccc557355b91ff8d3bd1d3ff276f626bb7b532f7061eb345b2ed79a6cc986746b9bdcd960b9d683106032339f4e8801eb4d43d668f18d794a84a49b74b2eea100cb10361c5737b91347c3d73a83aa3997f805fb6064f80fa947ace257f59bfcd059976797748b5031577ab121a27abd5c2ccc3ddd5ad8653a998e8623768a69a11f0e2dd5a89a0bf86ae846f8ece99a21a0ecfafe2acd704d1cc72438425d13c443cdfce7885817ef57baeea184718507b8e1af7ce3af09effc6846f9201b161cc89fb008a837b595940d8b104798e8a84ad8a1c2803f051300befd950f665d8d1c1815d3601c0e0cbd1306ec1a3c0174fe6323ec82450424ed71cb3dec41851a07c8668b6ffec3df7afee405b08316cb42e8d1896b738901059beefe22d98cc00606a624c41b827517fbe62e93ae6d6daaf17808b353d152191067ba958dee011e5c5d5ef227aec4fdd415f4fafafaf2f98b1728fbac4c894c657e023ad01cfbe178389a8ebd88ac2785ab0131a74739375f2ff003448a766393b4d0cd106530d75eae57e63202d697bb4111f98b8837b8311d25ace835eb9a19802c323baf6db829d9630a534629c65492171a4dae34438963e7bad47c18eb7c5c472e1743e81413e9739dad8b34659dd56a7d7d7955660587d313d0512e1441fcef41379a8145f77482d94ccb618783c1703c1ecfe67301bca71bb880921f661e3a8867011320117ffee22fff0de3b22ecb52e089378dac318ca1542c87ea8a659da8d03976bed740beefe338f233ed66638ec10ee9f936c769945913840010e85136e4c0d012a48311c5553aab2ad586fa807f5c519ae0674caa1d6251b67a76ffc16ffdfa6fcdaf667e10217d0862729726f4b46d45d94a36a4dd1aa8e8e9760d20951e7100cdade9859e037aa4073615d56e5f51bcd11561bab9879ef844472420f98fcc4bdac7a49e47d8ededefddba75f3f8e4e8c68d1bb76edfbc759bff6f9d1c1fef1cec25234a4c4d286023c4034149695394a5c60cd09e9a6ca4715ae3f61e1f6026a285eeb07f9041b3d13d6413be90696929e635a7ba34655f16d7b7048008d2e43345b51eb925f1cc6e49ff2c7881645364058137bfba7c70efee47efbdfbc9c71f9fbd78be5a2ed6abf5fede3e3a176884411806d1988a70673a1cefce662bb11dcc0ddbc0f112831bcc0a8656ebb54fe9ded64435a17e76764681dc688a4ba6cb9528477b867b2a49e6973e02477fe67ff597f1135c849bf90a8ff2a5c481d13df0240bdf6f1908d0f10e8bf08e54aa4a50a52e9b54a5fb00c155ec8d7cbb154f78c45860cb2abc74ba9f05c140d66daa12af4ac36ad8dad44410089f55846a28f0c1479f7eebb7bfb95a921ac2558a7a2568a95de9d4a6d264612145a58d31b9e45423b109f1407c148a11b481d720b85ac3dfd2cf32bcee0b8bd7089fdd9dbd284ec63b3bbbfbbb83e108eb60ecf114be9f1c9f9e9e5083e999b77bd383fdf1fe3ec4339ac4e39db1e6a510590442df0c7323292154642972414583456cf3fd2a5b6b1aa8a89a4a1984b81c3b3343d4b2888022d3a06cf8cd801924c90ee01dd1a3429e76e203006ece409bf39bd213db0caf07aab349b78983f070eff0f4e4248962caf58f3ffae48377df5bad530a276242057f10a10108c2201c40a38a6ac00ebfe97447576d9ad512865a8fc623f62de3583df2dfe9f1091f002bbcbbf51a16841af03e8121fa012affe6ffeedfc157541fb4a4415a6aa04505b6d29179c1423818d72346a44758dbe82182012db75ccc452a3af3406ffbf3f9623b93085b201d40187fe1158e45cb20edc978003457f385675b71a4ebb6c96a3a23936544445fd7593bba19aece123b77dffbe0938f3e9ecf97d410681e087bd3b72542414edfdef46cda518af57016c14c31a8d10c1aa6399d940ec04889c1224d2122d36c8de8a03bd25b5248ddc1c171403da25bf3614e2b8882c110a51d7951d0875c294374350c1f5c5db8e3b2afdaa26cd04925550f70842e54d0106b08e64d46d57fb011440e74a0564c8a969a4ec65112916aaeae2fa007522e2a13d34570b8eb2cae2f9175c81770d3b525b0140f993925d01c1090a8e35b5da0a50b1675cd9d8414166197256d6775af8f36880ff70f5f7fed351438d9f3d993670fa8ca1e3d9ebfb8043aeb751e450352348c75757d0ddf2367d32287fbf01724a5baaca2d452654df71467db8b67025dc50c30403836f5039d081f0c12958e7fe5affe3240c616c8f7e1e7cf3720bf6e4908c481323e6fbfd9ca205656923257f4c1fb28061dc65223c017eb40451c877558e898a9b174fe76bd4ec510751dfa0e8ab6c75ef3b4a3f043f892ec74496b2f9bcd9f3f7bb6982d20a7effeeeb7ee7efa599a9704e79ce828aa5edf8575e01e739eece513e094ae549b4867c1f6f0825498e605b3e0865e5d2addb17313cd1a6f065dd8715bdce8c6706676ade6099929255847a0d3001868c6771d56d868e659a9d6d36a537713a8125a26672176484af894afcba65e67e94a13ebec58379cd06919f4d360104255abd5acc8293fedd1201a0f063ee2af2a90f69e6e14012cc87dc5c60cae6afc442c2ca9a126b1d04bbc2a255e176bdd98a148d7db8925c841804b0f112b374e6f20032f2eae9f3d7a72f6e24cd3e560bcacb8ba9a831b8af93d2a0073511e6621f8e82c1e7434ea4b8da6aba14129470bbc10e2899301c1803e059d4a76f2bb2c2bddf3577fe9afe15c6cccdff45d4285d0201359962eec16cb2914a02ab0a24967710c81f227c8e0033f010bb21b7f819e2d62388022466581a437b0c307c4eb683cce52dd08079cc3fa96260fd0dbce3c52e5faead9b3879f7cf2bdef7ef75bdffabd77dff9c1c71f7cf8f0de83f3b34b39c9ea5d2f961459087d64b1ae34c1ba848360a3f112090fc0a1b445c3f53fdec7de06de643428a1d5dd1d34a1717bd30f2f081373d626c23c54ec2cba401105425b851bfe95f2d38eb765510f080120b46a95e5b400b6938c23e12323f060aa3a9920c3ffe53a5dafd2b91ec7bc3fdddddf4906e1eeee78b2335cccaf3ef9e4ecf8385c2fd74596a6cb6b7b534d47b16b3521ec6123775a73661491d1d723844d73800a6a741b23ca6f44a6aed06b33f824cd57ab7cb158f3ca329d8fa3614dbdf1bde8e4e8f8b5575e7ded95d7de78f5f52fbffdc557bef8e5cbe7e7599ac12e502705c47c7eadb4a8811c07037134dccaf1f0bbcef1f5fb699e4bdcb8f66c7e8d241a0e86f4196f12a14a9d28e85ffc95ff357f0b810dd9438f8ae54f8089b3b73880bb48467c090e342c8688368fc7a2634d59b01ade622b32179ff915240999e60e20f41786dcc60d397890f8455139b0b16dd545ea436d9e63656bf0f5fcc9e30fde7bf707efbcfbd9279f3c7cf8e8c9e3274f1e3f26c169aebeed90b61669a613d36e4088954499810e87db2ea638412b988149433f1c5272089337621a25e9be4ed9c071268dca0d83c1882c4ba58a67d8a3c4ae11fe8a78e88d445b2847d00b85b44d950ebbd4790ecd801e710f3fc215bacb6e5eacd25437c6a4c4a0b2ab08a72608fb87873b8747bbe3e9606f4fb72c2c2a60f574715d0e13eb27befee5e930ca5773ab29fa6d757cb89bad169aec63e18b02778ada857ea3ed453b6a06b12a09874b59519384a08d4d9a160b1a017c8b9a260494d95e40c99daff3bb1fdffde8830f2f5e9c97abd5ad575e1b4fc745a913d5f2a9b9ffff7094c06440c0ccac850501ae03c322e5a158d53c7d3c4e252ffaa465b4c1737d00906699fd8d6ffc358932add32337f32dce267ff1ae6ba634dd42eee77b0e090880ce7abd665f64cdda9c4e57b2161e911a028dd9841ca41127104a9a84779566ac0e054364267c03c595994f565faf1e7cf6c9fbef7eefbdef7fff3bbfffad77df7de7fedd07ba35f2f50cbea5fa50a2db6cf0167e238f207472738762c0c21e45d4348e68042e083e336c4247b4c8dcac2595a9a3e5b9ea340d48139a1dd2011cc3c0ec809eabae365508424db3cc08e3343353d94b0a70fea156cab354aa431ca3a98346e8f772bc9515b3c592d597abc5f5ec9a575a64948c61e8dcbc79b4b73f1a4f06c930226d8dc6f1deeef8d5576e5e9cdddfdf19fd913ff0f52fbffdc66bb74f6f1cee65cbf9d9b327c3619024e8443d4a0718534a3bbeae55426729dc69bbaa3bfa43e7049d4877f94362eaae2bb424cf4ab08b027ef1ec6c3e9f23abd3657a7e7e7e757949c50e553c3f3f3b3939a65304d9c1d101698f3efaa18750835329ec6ad0636e47097a38c868bc4b310b5c25bf756a4cf5106c0d7af8ac80fce99ffd054c0dd90046d083bff993d5454d063aa3d1880fac8d5f7887a5b6c81d26310a00b584e5a137088e5fb70a1ab7e2333cc14e28d5d92162818c08d36aa692d555f9baad8a4d5d5c9fbd7878ffee87effee0fae262b558687aa0797a37bbf33d5f79a0b528b20b8d73e9b276fe254ca018f6bc6d92c69ad4309106dca19738441a487f180c6d245e49cb1a70939cd020a7aebc9e694ab22a4f70a3e4a6297604f17cb1584a47540da218a621aaafaf17d757d74bc870be58ad3588dbb41df28be6ce168bcbababe57a7d359f5dcd2e176b04563b1886f0cded3b47bbbba3bdfde9ce7414c63e5201a69b4c92576fdf28b335623970faafddbaf9e5b7def45debc9e307c341824e62f32cd74d7bdd503770c108a42d8dcf526c02139d16b54c910ff6810eff6abc83f6400cba9df46abd5cae40ccd5c5d5d5d5f5e5f905eae7c1fd079f7ef619d5fce1c97159e52ea5d7203abfb8a85a3d2f8710c46cf0153ce2f5ed24d4dd737dd7a31ea6af84e89617b027b43c1c0e082b451d84f1b33ff78bf201fac3ee977901b1f39166b6751378fef6f95ca0c4e87097cffcca7e81a3c6253aa54ce4182d003d286b6931ba610a7be0828339ac29a7c9741aa5c28475996e58b3672daf2e3ffdf0bd47f73efbdeb7bff5e2f9b3b317cfaf2fae081dc00a3164999a48dad0190940d4b721076204f502a7c0841c9da36cb9873a1f8aef999112900398c0af20a5c1376cdfe88a10c0478456352b804154c7d9f9b97215521d36815a1a73e31f33811afe592e53d2c15c24b85ad0acd5eaf2fc1c8249d739a806907a72c0f5ecfc428e0256334d3303d9d6741a1d9f1c1f1ded1e1d4dc85c07477b9e1eaf4448d1938242617f6742a1d054ba30e8fce95304c09bafdeb975f3c6c5e5b9e7bb65a3bbfba0e092e1908058aed6923aec57328b14abeec19a084e6a4a53ef630015f8181ccb8336840be4fde4f18b470f1f9f3d7f412e1dc6c9c1d1e1cd576ebbbe97a6ebc3c343ea4a40797af3266535d0c454beebe327a2119d0f186dc75b6605b910a09acca3fb1a60790885ea0767126ff6377ee95fa535db03af5669920c022f208d635fd227148281c01d2fcaf76daee003d261b55cf91e58eae306888b9d90f0919f8438e24b53ee254074ff147a4cb453643579e6e0d4a69aeae648f1f347f77ff7b77ee3e30fde5faf70d8ecf2e20a7a4de2d178b41378c05fa3f81d05bc048e9e5a804ee4639424395509d0d49d1c7a681ad0a0dc09e70120a5578146625a67d4359c48a10b29022bea360a77788b185eae96d7f3655ff72e6b67f3a5ae29af01444369379baf16f3f4f2727e7e7e7d7dbd44ce54e6dcf4d9ec32a3a0429976d0958dfcbbb85e5c5c90b884ad7546ed650d47fde393bd1bb74e0f8e277b47a39d83b11b7b4d9dd76daed031676dfb6e5fb740716cb866ad02bebc79e3a86acac17438dd9f780135349965ffd62b3747a381a5891efd90dade736d4a3c42a92acdbcb84e571d09471a98d52932ba52637eb85a9300d13d2c4a73567f34991e1d1d9fdebcf1d9679f9e3d3f7bedf557c34837019ade387df1e409b663431c46b2a358233f0072ec467412ab511496454e7046e6940554824240b190fd7bdffcce8786971c58298912b2781c84609bda0e7534d07c0ea5494c8c3ed86a20a372f8ac5bb341e67c9997f5783c59cc57281e18e8e4e84001bb5a85baa17045af7726a3b3274ff6c7d32a5d595dedf5adcbf327dffed6effcde6ffffaa307f7d7cb15e8d62d9a8281d5f3b282686c74e724d7d65505321484ddd63a1501fa3a8897a3e8f1477ac0bb9e1ac9e61443033f24f6b620e327600ea649e4e439a7d78656dfeb6d60679b9a9c22bc577776e9865612c661107b8e0fd024b29aae5c1760b1adf4a4526c4a31a2abf73d37b76a243c6bc65eecf4fdb66820a56cbdacea2cafcbbe6b4d0eacd35bfba7af1cde7ef574ff78323d8cfc4843af341c8d87d1cd305fddf7234afcf9d9d572be7ef0e9fd222d7ee447be38dd3f7a315f6c7aee6c31fffa8ffdc1ebe5f2fc72fee4e9f9fd7b8f910030a367454dd5bd7872717571dd559acd4d1608c3603818e87e0ff84fb3c3e41a3a7efbce9d0f3ffba4eff9e80c3d101801deb540ba6a8bf1feee977fec475ffff28ff8a3e19c0c5a56f16487bd11155190785eb0b85a9479958ca7c013a68dcc4dc9517e446014266825dbd52550d29fbff3dd8f70bf66f040fe52821abbd4b532380dd14f855514700c87c713fcf9c377e8bfdd14282f07325ce7e3e914daf7dca0c8d3be1e4a15547946d680a0c9e5a7078765ba6ed274033f797667d5efbff3ce7ff3f7ff5fdffbceef51230c8743505b16681ba7ebc19f3d5bf789f7e7458ad5399e543d863115342d5189c7a25b230a22bcebfc64a7a7d14ae82851532211a8d48c4a10a4557e42e9799dd003fff5394657b9702b3cc216ca6f40cdb63bd2417fb558f5a82494fa74da9baa9957e758b5c7d7a828ddffc785113828566f379a53656f063bbda35bbb37eeec9fde3938b9b3bf7334722280ceb6b66691e8049fae1ec24b12eab4487766b29e3f7ef6e2e973e8e3e27af9951fff89c1ce0e7e9adcbed3ce01657779bdf8f493fbb3eb6c7eb92ad74d535a28461a498b58ed6239532b75c7f8cd288e7746c3d0d1c8def1f171980cdefbf003a0f3f8ec22ab6aa0ef7bfdae5a105077de7ae30ffd537ff4cedb6f9317bac04da693cef1a529698f0d3986aa092a2b198e568d2efef01d8f729434ebe8867a0358add42354fa141ff62ffdf2df20739afb43035b15d8241e6c4e026ebb0605c69ec85b7d5773c78a3287e34823008dcfa408e2c9f5a8c34b92255df27da729abd57211073e04d2b79a245069a57394653af4ec4d9d9b895acdb3470f28d1e7b3f92899e8f9ea0d07274c235b377374e4974d975785c603590c588c37f5bf197c424569fc5fb77d04e73ddb43604158aca0411f5482b006639a46ea4a0a55b7d2d0664792494a6ee4c022d563ff56cbcd7ad9ac56d52a2d57659737e6a9b79d956facacb156b5b52cc55da8f7aaa2f0a45097f4e9d958deb2fd6e30750f6f1ddc7afdf4c62b270737f7770e7786d38165b71ad6962e90b0502c22d7351510fce8f6d3782bc4ad9ea65c3e7afc541731c6a34194f4a31068ba7bbba39dddc80b56eb15553b69680a1f6cac3cd52df4c793f1c9cd1b27374e0ff70f34c88b20b711acd57ab5f8e0fdf7ee7efae9c3878f3820024872bbacd6cb6bcb2aeba61c4ee33bafdd9eec8cab4d450c458304c5d643956032004004e9961a3999b4ef5851ecf3a564ab849bbaa01b4e684a05b1a0b3a4ff3a248d26464853229207340db8c8faaead1b0596591021846b3c45a94b49d888a291a494fb6b00ad717bd74f5358c7c769b810f9897af7dd5eb69e8f627f6f3a5a5e9d3d7ef019ffff9dffea3fffbddffa1fbef57bbffdce77bffdde0fdea110c857196d98cf5628967e3f6057a01fe14e62a15614e119fe03070008149134f99fa44967484d7ad4bd11f2fa6c1215aba2e6343c8e14d4d43468485711208014f1145c3a2ba657cfea97596566fea0bff1b0a0464c118106a2bd0dec65f76bbcdcb72a8a4d3d8f41b751604da54f4810320b2cb2d0dee1e0e0747af3f593d3578f0f4ea9b246d124f623d7b21113345af3e0841e8dfcb1ad6619d0a92acfb123ac45014b432fcf2e1edd7bb2a936217a53575de9eca3c5e77e9f2296f210b4efedeed3bdc70f1f3e7ffe0cb178359b9d9fbf387bf6ecececd98b278faece9fb76519f9eeee744ac482dbd17088d56e1c1fededec04813d9e7a516cef1e4d41cfe99d93c13481e2b70f060f027fd3b5358aaadff340b743d2b3411561a7abc556730c87fa59ad16441c8a5d33def2dcfe999fff6b795e38aebf5c2f30b0e713f7f8ae0bc200b2612f601cc0022c3a4c25c65ecc670d69c9b7848fedac976bdef118d19caf97bbd36187b45bcdf6a743afd77cf4c10f1edcfba8cae66fdf3eba75b2371926759e2eaee7e53aabf2265b1551388472ea464f95a2da231de94c12d913d30a141a9731225cacc2bfe2429d65d0cbb31d9f9251e9cda406fdaef2c4224e0870329be60b682e9e5e667cb18fdfd9a3e56c0a80e05a64b3ced3a949f2972eb3ead7dbd181ce429c93234b031d7a5b1a9ee3050880421c5b935d7bb217dfb873707473efe8f6fedec974b49b44e3d04fd03b301e7d31dca9d1040ba3831ff4876a583f209df68210c5cb4f78e8c1dd07b317f32aad2666524e2f0e05526bd3f3dd9dbd5d0abb8bb30b82070506cb54457e7676b648971797574d5d4c47035ed43081670f937039bb46711eeced0ee3887a2440b1ada91b2f3676160cc1d030194511d551e8021d2acb20a4fbcdec9a0affbccc33fa8a704e9260f760677717d8b9c35184961d8f92c07360b92c5bb57501a1d9bff0affc6f28a0501e12133df2790f32b175e9b7069a0960332b1177c06732035a166f6e7380d70b70287c4b890dffb68dcefab6551178fd4d95da5d358cddcbf3c71fbcfb9d2a9f8f63e7fdef7eb3585f52cf3cbe7fefd1fd47f3eba5ee3056b7be179b53aeae98827f1d1b76e0875a979d43aee21dc5ae610c01482c425aea58cf03088205fc612ee375759b444f639412f8e42b7285661a8318d026a7f3350b4e4358eb71cdd01e39488c22d211f890e7847b63f21e91a48ca9edad68a39bb3b02fdfb506036bff30b875fbf0f4e6defec974f768b87730013ac9244e2643085b33833b8dfd68b0068ed19565d081a150b292eea26fa2cf901e865dcfd3eb279479b3d1781c2749381ad24300688d8696e3b03fda3f9fcdeab23c3d39bc7debd66832a073459516598dca88239dfc69aaac2cd793617474b4ffcaad1b51ec81a4c0eb81d05bb78f6ebf79f4e5af7fe16b3ff6955bafded8d99f24fb93787734192588d464100d4783bdfd9d1b374e263bd3649c78e371af2d3587a02d41036ed1d93e5d3697abd4d669ccd6fea55ff9df82102aa69c6f43afd15c41fd48f10cdfe2b4759af2a7cec79bf9ed5852ddc71cb8ba8706d5c4b64dd346a1dbe842634ae816e8589b32b05bbfdf9e3f7b70fee261e876fd36b737ab7e5be8667c17974bddb1bba2eec67f75b5313354cd992872aa4f1226831710299830725e27e0a85c2018b17d67c17e54ab9f0304963624a489fe605fb77ac1e7a40cf1bf729606b7a5825fc200888034640c1990cef29904a9bee15c432f0870cd3a96d5e06307dab0906f5e63f93d2bf2ad4162ed4d83e3e3e9f1f164773fd93f1a4f7707063ad160acfb27908415601b9daf003ee45d8dcf801ed0d235a09bdcb0a9f5a0095a49687a416477fda71f3fbd785692abaaae8d07894cec3b6820ab2ee3f1787f6fa769ea8bb33378e2f8e8e095d76ebff1d6eb3bfb63cba25c993b4e7be7f6d1d7bef6235ffdcadb3ffe635f190d82b2582d66e7b3eb0b0fac47ee1ffde33f9eec473b27d3c9ee244c020b79b3a97413ec263fbf78911539ee36e76dbc325faf51426de10e8776a79362b014e207ae0c75c6b7a33032482aed9fffc65f47f15099239007c361aa1fe88e2637918f47a331518e6810eb7420c356d23002102777b0170a4967684bf098e70bb78f2375619edb95be3e57f3ab174db174fbed8b279f25fee6d9c34f3ff9e8a3f3e7e7c4103bd4b3db3dcddfc6a3904d59e618972626b12e212ab2b5b91ca2e305db28a958f00d096b137a4e2471a563931c3cdbd637ba55bf6636003d9d2731f772f01d5dbea35e88c0d856d90bd029616c3604ac5ac0be74e216495b6253b0468d865c0a00cd16373db1cec8b5a6717f7f27b971bc7bebe6decd1b7b878793d1249a4e014d08bd4709419cf4f0371a8cda6ca3076cd11e0e4cf67434d7427f52bce81e3bf43a8e2c1b52d108e0fa7abd7cb19a5dcc834180f40c4703dded4093ef36f6640cad387e10fbfed5f5f5f3e74f09f2e16470f3f59b6fbcfdeaeb6fdc9eee0c767607b76e1d1d1eed06617f38082eaf9ed74dc6376fbd8d1cdb833f5efb913b47af1eda89a030da1906bb6317796546879361d277318ce6bd533641f3c820773cb58af56ab584427b5db35c5ca3460870252cd85777dde8db7fe12fffbcce87eb3a525dec50e95695769666bc2381e7d7f3aedd8cc7430a8c860ad2cc922486f41c04aaebba21ccd3d5bca961b32e412df73750686877d9fa1ab2d1b1d6b3278f3e5b2d2f5fb979301d39565b02d64d5d79ae873c0415644c8914d9d7caf2a5ce33f737d757e7b0cf20f4bbba22d7920dfb5d1b38765566a1e7596dad7156e994d6ebf728eb063a31e8c21971ac67bde559a6e16c8f8ef58a341f44b448e74d5da717d12bd22bf2324f9308c6d3ec1dd741abf6c4d689370a9dc371004a62af8d9d6e67d03bda4d8e26d15ee2de46074c92c3ddd18de39dc3fdd170e0c589331c063dbb1d8e93bdfdc9603ae985c8353aa4fbdb413f3dc480a498a042da82c58917a52ad272d3f69bc6a23b8e932d9648f8f77eff83d3a3a387cf9e9ecf6693fd1d780f6533d9dd25574a6481e6383ad8dd419e5c5c5dececef8c0f86b66f8da7c9e9cdc383a349a89bd3b38e438195164be8304abc27cf1f2d16175ffeea178e5fbf690fbd783a1c4c067de8544a04e657790a58353797f4e1ea7133fd30522f68bf64ae720e656340aaed6b6e0504eaaa043783c09fdcbd44609089d679a69f37ed6834829590122491224b9154459ae21cc44e9ea7f4db37f32cf5949aba8985808e1c0f55a0c917b3b3a6c97a4dd1944b5a1539c820ddfb0a7f8d1237e8e5e879d2d1f3c7971ffce0de471f3e7cf16c56e4b4094e8333a3b4286de2c1eb5f5e5f47b16ed05155bafa292f8b381ef861b84a339a371c8ce10f04e546e3cbc81a9b8de9500fea2388d7e91592bcac11de7d9dead702f8d5cd46838e744dc2a7df511511376c1ed17e0fc1e4c41ed9bb3f190fc44c66c0c7f11ddd7dd1d1a485b6d26865103aa4a71e81d16661e24d0e34403cda1dea5a9924040a5246b87a43a156112d9dae0e26476b62b9e151893651924629e8b8e6f866f3d5fa3cfdb5fff2bf3b7f7c6d87ceeef1a13b0cf76f9edc7cf3157f181fbff6ba6e60866ec7d555f3e0e3cf9e3e7e9124d15b5f7cddf5c0a6dd9545b698e5abe5a628c848eb999e5f364e069426ef7cef07b4fcab5ffaeae1abb7aa816f0fa310c9a6cc250041c68da617d2cdc076c34e279342959126f5eb24112837f7d600f6247f52001f4cd5a9bbfdd97fe9a77e9adc6c847f8b5e43142bb83b4805e2b4c94c64eadea68e490cd459e4a96e9360e0aecdd3e5de38095cf88cd269d9d4599ecd8b74dedf20b26a0c4e40f7bb6a10fb27473b54614e1f17a61895400cccad0e491fd99a62705e16a5d5662e39b6a280af364d51672b9d31b1e18360146ac868673ae6b8b467328c35611adfd5455b666d5db299d536dda6214765a97236a0a7e6d34f7561525bebd91bf6e692057a8d677774671443d6c5a64d7188efb4bedd444ebb33724e7607bb63ef601a9eec0d8ff7790d8ef70607bb83bd6974449e1af9490263e1fc6c6355e3717270b87b7cf3d49b0cf5f40244b964138b64bc34cdf65f343e78da6a02c342fcdfe91b84105fbeac07d265fdfcd939197a301daff2942e25a341db75c364408f2d3fd4bdeb83603c9d4cc6d37ee404c3a073281335faa950a2d200aac4340e0dbcceb69e9d3f7f7eae0ba5bff4d52f3ba747c4b4aea825b1ea9ef93a7bcfa22652079948b3c894a08a17cde1c0d2fb9a2beec0d766501616d5188ab9d2bcaa6bfb97bef18b5104bec93a0e255959a45252f90ad3426febe515cc4132c24f54d95d9d534ff1bd1e77b6b888dcaeca96b3d9f3c5fca2a9d26e5391bf4683300e947ac77190442e7fda8340c0c85793a35d4d8f497398ecd6eddb6fbdf9eacd93e393a37d4ab3c3fde9e1ee78980493241ac6fe300c5ebd793a8abd576f9dde3e390637436ae0aec9d74b76a87131ddf27fe3bb7dd219f992ecc6b76809a21cc1c10a7a82a145158e24b28a740955ba3d42a2b5bbbadf9554135d9d6ab8b7d9b05ae4d481dd044e334dbcfd69645ee1fe6e329904c0653cd2fb68ec8731355db34e754f98ac5c4df726b75ebbbd7f72d49b8ead6dc2523eaa94b6c80b98bea92959085394a22083f5f94f57928030d003c684219d24976e0f76c6478e1f2e8b94088b87094ab628f383fd038d86f7fade606885a120486d3119eb5e00e3c409fd7ee8db06135e14b891ef93dd8e8f47ba7e2878f4ecc93b1f7c9216e9787727a6b49a4cdd38267675ee42e4bda9e1645d0ae8db6e8054a17eede9218de6f60cc2bd16a00eba34380ed20d7a204b5d0446caf8d7ffc65fc7154d5d5ecf2e7b1662600eb1f47b350a86eaa9c4eebd7a10389b26834bb063e85a797a5d660b0f21fcec5e5b52fa0329eaca288ac8203d58478323bd9a82cba77a22389a92aa817457152b52acc6fb7426b56043dcbfb733ba71e3e0e460e7e4504341e30158b591ab370e0f6e1deebd71fbe6edd323a9a5f502110de71dec4e62c48bae3b7192d0d775b32e92d92306fae4620a437293aeeb6d78f77a50a9bd330887911ffb76e4db203bf47aa10daa5a2a460e340ead9d61b83bf47706fec14ebc3b8d7726e170ec0f478117f59da07363db8be1752276d3f79aebc5c5d3b3c7b6efbcf9c51f397eedb55e122bada8f6ee4ab8d14ccdd70be7983142c33b621b398c77eca159ee08017ee25f9297a7e1b91e59736007d1683adad9df63cdebeb6b5c344806646dd2668883d1356c88c382403711833fc413b685cb5d573741d62cdb28af2a374efafb8781e39e5d5c565deff4ce9da33bafccb2d4244bb7ef78267369226251b5262c5406b22bcdc7474cd13633cf9575847ab847d52d31607a21ee69a05ffbe77ee62fa93d16f2346fea35bebf79e3703256ae477d938326a3683e3bdbd459e051226de6d72f9e3fb95f95ebd1c09f0efc9d499cc45e0c5b40091ab643ae3b013ed9541850f769409b142980ea2741afabcd73bcc1199510d157db5dabd3452607b10d1d527ecc74475cfcfddaad9bd3d16077329acfaf1e3ebcdf36c5eecef80430d133693a0d3e81275218c9173561a41c81509210cb4c37db366ac6dd9f8e48b6b066e8f746b1bf43bad91d1fed8e274978e3607af368ef786f8aa43fdc256350b476514855d4b351b776ddf461a7a67548fa0592000d365fcd16e962677fffb5b7dff2f6f63765d553e9a41464ee61014b50d1091c78558cafc8c5001a0ca004e13f8d5bc2358a652cac55f04b59b74f5e5cf2fec5af7ef9f4d5d79e3f797c717eeef59df3b3b39b376ea92655cdebd8c9406035e356e6ae24ba8ecc0c4a49cd81093ced8ec655aea7df753d7bb14e2f66cb474f9f7ffbfbdfaf7bfd655680075d2519c496e7938d489e0eb8149e202457a76334f8aa613033c6a7c11275414959c4471c404864553e819ebf085200388e5f2ecf107a944e8eb3c1d651ec058e45a678fee4219c7475f1f4c9a3bbcf9edccfb2f92026d1c7b7deb8138f484bd8acd11d43ac8643c451604384301cb91af4f4cc5d0b5840936eb25d9131d1adba4110055ba3d97cd44d45b6d2c5f81b3d55ba2daba6280f26d3e9288148c867a0e7c1bdbbc8fe1b374ea7d36918065213cac7b847fdf23c822d929c1e8d226a56847cbf4779b1bf33dd19c5244d34b2eff2ea059a1d618f86e17498dc393e7ee5f4f4c611581aec4f86fb7bf027a45d4fa85660d9a1ef0d7c17fd350afa91d7576a2a56e9f5f5724e7d383d3adc3f3a75a244c1199a67e4d88e0615c8aa016a5ce397102fdf8213f0816250e5c5ff462a4b5ee84f7e7109eeb2ac56597576391fefee0f6fdfb2a2c849916ee8ccf2fcfc62389a4c7777dd28ca9b0dc1d70f43aaa04e83fc904be4789134af4fdd407c7b3a7b128eaa2c2313057b87b74e6fbef6c6174e6fbd920c27aca089dc51ec47a11f807887b6001e0db89ab33ee053a717e8aaaee9263c95d980904ead00714147298cf42cdcf75dfb677eea5fe836c57a7df5e2f9fdf5f58bb367f716572fd2d5651cdaa821a7473bebfd9d0112fbc58bc7bca093d75ebdfdd6dbafed9f1e35ab051ab982b49a52b72d87bbad8626d56546ef083d25770a62c9f04d9967fa0aa3ca80e6ea2402d0b303724f145545aaebaa0bdd8369bd9c23c9c75407ae5d5719a92dcfd68f1edd8b93f0f8e840e5a287b9b30aa5a5475df1dac076491c92cd077a2651df6a0bdbaac7093df0fcfe6634f40f77939303840a690006b2e2c061f5fd61b8374d26034d7ba2fcded94dc2c8aeadcaa1928f5d77100a34b16f84023d81de5ab2c9f572e186d174ef28d9d9710793de64acf9088e4be8f3c2a7ba1a08f18cdcdcde23d49c2cd1008f02585c242656152f23e110ac5664f92a2b9c787ce7eb5fb79a4d7d7d3dbe758bfedc7f709ff556e9e28d2fbc35d9db591599e6e3f97e63f57d2f5917050c20505a666e21aa0b99a52bb8f9a7f3062332d172bec4ec4727370f4f4f5e79f3f5a3e3e3e16444d1a2a343211c4b3796572e833375d657775ef03a8a5168a79404c765e4141b8491a48051df4130d30111e1bff56ffc456b932ee7cfd3d58b170f3ef136c5f5c533a7abefdc3c00289bf5bca79ba975e341d4b4c5c5e50b88ea0b5ffcc2e4f8a8ced70a1bd25b6f7b32bc0e93308803d8d4d68c0e4d6ed05502fa6c03735d22100d5d8891a2551703fb0655d8aa5baf5683d1a8b574652a044649b8b83abb717a707a7270b0bf03801e3cf8ecc58ba76065673ad8dd1911997bbbe3225f5c9c3da6e803dca37130dd8982a8777808d4aeba76fd236fdf9a0ebd72753619f4f786ce20b4a623e7682f3eda1bed8c509624d2eed6d1d8ed67cd667d74ba13049b6a9346c7d3ba2bfc81afc7b0a39850a9480d7204da02f2acad8b8beb55dee8719227b78311d1accbc674120b129438d005111d3a74a30b53db4e8fc2e27b8964d6a1771032ac391c9e3f7a944cf770fce5c565321ce779f5e1a7f7befe4ffc13e0b01fc7f6646a1194755d6eaa672f1e2fd68bf9e2f2ce2bb77676772eae678e1b26a329e0d49c248ea8c132f60a5768323fa95118e62733af2520e686a3be47987a16b25417ea1be0428b90bfaee4dc5c5fcf819ceb53c5257d3b2445eaf29ea6a386b45171a86a7336183d24a232b444f2d239c47fffdffb8530b43daf8bfdfef11ef972bda9cbb3b327efbffb4ee4f6776fdf4049b745de276d38764901ac8771c6636a48cfed4c93555974bac72558e4dd701b7f28be74452480251948bcb7e478e567da64869c34feaf60eca56676cf6c768d0d483a59ba7cf6f429426a3818e8b604767fb19a5d5f5f111ee3d150a7ccbb76b59eafd345183847c7fb7b7b933eb57abebc73e71441bd5ecdd6cb4bf26912da437036890ff7a9f675bf47dfc3834227f27914a3d03600582755221adc565de945aeaa5fb20f9a1c1de7a346758b4953a7821e2456d560c578100c873649847a0fdb6150640dc630a3f0608474ad8a5743ab3a9d4eedab293ea4589563ed66bd4a848f7abd5e4f8e4eae2e2edff9c17bafffc897867bc744548fca1c2729ae9a2c4d178b6bd4305b0de8bbeb812ee2b0eb797e90282ca56ce1327aa1fa4dc4de91be7c52123b313ff281e8d5202cc20177a908344d055eba2eacd0239e2034c4bbd2a8d1cee686179e95a59a85b9d120a7c10d8de2c5c638514fafb2fff7ffee2f79aebc898e3ddcdd4d06d1cece2e879ecdafc92e47bb7b4e14754d83c2f75513eb46acd160108511a21aeeab2b8da069ae8dbb7d2ea91ec422318211f5c6118184220213ea41c852724215b940aad1983aa00e2e7539ddce783a8c87655e3e7bf6747fef2008032ff071c8d5e2fa6a310fe370efe020190d06e3c13a5d16554eb4bbbe331ce28b71180713ead241381a267a6ce868086f4dc6839ed546bafc5103cdbeef06811b47e168908c4789ae2c8b42e02fe5ead96003a47a91464a34171747aa70e0a5ded097aecae1105ca8c7c884111284dde11b224057ff6b701937291921e09ab63464441f37bd0ea1d02a8ff361b349574b6f38d4432d9ad61f8cee7d7af7fcfcfac7fff83f6df949cf0b2d373056236186d436d96a35bbbc5ccc16b6e3eeed1f1ddfb8e345c3342d5d82def554b4e9a59894b12507c84281be136ef4fef2d5d3809b3ca278e65fdac9ee5b84a8eee614843a7da02901a01eae2479b49b5c4f2e072fc875a97c5c687e621fda318b4e279bdbfb06a13f5bcef60ff78e6f1cbcf5236ffdc41ffa838bd5f2377ef337b3d51291b96dd7eefed19dd7c89d379c30c23c984a30ee3a4f13e515c57cd67945dab6153d1ab094d5883fcc8a9f64447e12ebd006da45436c526b8940b32c2f49bc41549278aa96d277b4bf1b8c061d2a475788d46ee40ea770f660b23be4c33e65d2342ecbb46ab2ddbdf16bafdf5e2caf8a329bec0c8f4e0e6d8d8db75dbf5d2caeeaa640bd059e3da0364ce8a8ed5299a299884cd8dfcc4fe033196095adb6b28cc5b85031aa976c267b5133c671a4d9513a25a45ee801221b4cace17cdeb703fca0475762b5c4ba6e50af7167dd97938eb28e06f1d38b2b8a1ddb0d3ffbf0a3a26cbefca33f6e79919e1ae9462a7c680a25df70bcbb777478742308e3a6ebce5e5c9ebdb82071d8a8169ab69dfa203b82067103b8e6a5c16b70a327aa807b2a29fee4b33e20d7ec3041626b4d311301e205a1a75909e431cdda2ba963ba2a6b8ba566cdc95f2abd5411d17205bf7023bd8673dbdafe9bfff6cf606502143b60504a211435652ef19b95b040e985c174778f88614b54bc1d0c7b8e020e20b21baa02d296ae0334e38fd817c2372b6374948cc6cdb09a29394029353676c169aa540cbc78617f1473413b770f0e4921cf9e3d7ff0f0e1c9c9f19b5ffdaa331a00f017176757cbd960343838d9875d34b17453c77110259ae436990e767626bad596840a593ea1acbbbe3aa7898338442de92a7188c7d3b822876bebbc2ef3a62a1c4cadfbaef769225a8d8e6745a659b91490bcd466fda7510e15c454c638516a987c1444b113e9b9dac0beed5a6203b622c0a1a0cecc73c23b0d5c054675f3ca1294a18f818e9e95613b25cac2ea5dce97f71f3cdbdd3f7ced6b88e5ce8a86568f20547ed79011d9843235cb103485ae195da7eb9cfa78329cf6fb81170f948f443d84234012076dffd4889f0846a8929d4533bc8cd601589a00adfca5358405ddfb8bf440cb484eac853423947a6dd5ea0913908bbccd22b46a057da283f8dbfe9bffd65f969b49ccd6c6df99e4ab39b1e82709f8ba7de7cec1e1c1c79fded51d84484e6124386bca047834c26583aa2b959538a6ae7b51c54ef614681488c20d87d74c601d58c7156ef889809184343032fdc3da2e6ad08c925d9c9dbd78feece62b778e4e4ef03989f6727e8530df3fdebb71fb0618d2d01aba62a3eb8648b5fbc707c930aabb76bab71b69587a4059cea1c92da324023706c434a3568da6f75660828b3cb76a1a725f0b7e64dc7ed9548ef95ea7a3a81e2953e99234845cc33e45ec3db450e04571cf31f7d547eff023f0c137c60e204ca9444fe45b9b9947584c6c844b3005650ec5e5603c7df2f4ecf1d3733e9cdc7c2d9aec91d87bc1c40827549466eeeb901bcb6edb4bdda37596a7459117b61becee1ec58351cf5cbcb0654aa1c44084767060b307ed47ed0109db2eb082e1518c0176c9b38a5d52072f1cba458cd56a8a425d52129579aa6be7088dadbfb01a6957ed634f9a7e455f64656cca0f9a84522ca9e05053d81ab4f41038e3117267be5e69268e090bd6e3b01bd95254bd052fb5a24e676ec72295820cf798a1a64613c074b3151886b405c4347f50eb0072a81559e364b5a62115309646fa7563dcb2df5bb74d61b796d335aed50f1d7f180ca683d1eed09b24d1c8df3fdd0d067e5aad6bab316aaf1f0f22ba5eb695a64e87deeee15e3488f2c68c01b479de64bcaaa6a8bb0a5de8870ea538a5405ae4aa98386253c33a511283627212a40e7a0cbec110f5d456006906ac17444112e3a34afeccf0974e91d05b204210a21050ca6ca83b44a9201304308470a3ebe410aa2b88645d001dd6befdfa1707d37dab737bd198d4dde8799b24a0c882e0d15f9457bb47c968c7f1c22419b9ae7f717671f6f459b5ceac829c2832c31932a698c64537209aa9c6e4aced8b9ca5b21964a3c40903bfef06ae17913405353dd089d201e5b2b19ab229d22a5bd4ab79b9b8ce1694aee5a6232f1372f812ed40520640922218551787c07e2081c811d36e36c383630430a67492d1a64a97abd51ffe27ff49c3eda04f4adda1767187fd9e0b5e4c16147ab00b00029de0464654e8692a0d5633178a555037e841a11555559827df6a0c930323d37a7d3f4ebc24b6239d05b4494863ddcdba1ff9e1cec41af3bddbf4bbaa07aa4809c8a6b6a80b6b6f7a707c1026d1c6eee8f1bad4b9a1707fd74fa2921eda7d7f3a4e26232f89e2c98818d1e02f82cc68b25a77612e2924adc04b35ef44f73ca441504e900c4087e639021756765c70834a9080a006215320a7097a7256dfce743714dd1752acf372f07ea3d11d348752988668cd608f721f44ac538e8d6e00424dfdf1dd87e757cbdd835b93dda39e3fb0e289e50e707fd33aadee021ef66cafed684388faf9d2577eecf8e4d6603826849f3e7a7cffee67d4a01c8f08d5a5458a55b9c26008bb03e5ed7c24f6434bc862f47a2b7d020b5c7a432f1e069acf11ab77e606ed38a5ccb3a6ccbaaae87595dfdf84f44373aa347306063553ac544cea088a851a7960ffcd7fe7a75e729ecedfd1cb0abba0a6e82e5623bbf39bddd31d6e5aea3a95828106163a3d3fa0add64541325e6344d6e71bf405a485f3ead5b2d3bd8f804d89f5a89e1025705f5ee6b3d92cd4033b42da4ba0ea32db66733d9b4f263b6e1457e9fad3bb77efddbbffe0e9a32f7ce90b1179cab6ae97338e3fd9198f2723dd5b06695215599e9241a97a86e349321af550099e6ffb9aa4a278c46dbe4fb5a43970b441e7e51502087cdd2ec3ee1775d3f7fd70a0a1073f412e0df504283dfdd8073d404a379bb289f6c872dd9a3499176cd973750651b373289a557645188ef6535cf1d2c004414154d0674dbfd4bc7c0067931d7bba97839e2f5934ef7df8a91f8ddefee28f9ede7ec38fc74849ab178a21a8261c9f64052a884fb559620b7b57fd4d83a5b334dfa522ee3b795edcbc758b86692e68100b7655d9b7034053eae670f84893558ca066c1af065b940a042d10a7c696e0ebe1a34a73adec6cbd0c7d257969a84d5ba4ab244e7471e66808336143f8c0d128a829743ccf6e1b34fc76ef5ac0b012a45efcaebfe9bf6672b42ddd005ad2d90491413a298b770a7d33a74cc4a717fd25c4e9b33222c9b42ed2345d2f2bdd4a58b10eb0709089555acfe2e33f629d341126038db293abc3281a8d2607fb77de7c5df75ad7f80c4203d0ba7d5ca0e837872059905f3c5ebe4a5cc7efd81c5946dcfb610f977b0148e9fb913b18ecddb819ed4cad202a36d6222f17a56e2c487dc71e90d9800ceed1ec9bbedd39bae373df0b751be4c1d08b129d7f504583e436d590e562fbaeef772a5b7829a6dd20ec07511f30858917c6fd30ee85033b1ac2935de7509040bb7a80e1727d79b97c71b1b8f5cadb27375e9bee9f86c98ee50d48cce66996dab924b3ceefd81c549f957194e231aee37b04469ee7cf9e3cfae4e30f3ffef07d7ca3b34068f3568f8331f4a37add30109e6227fae61fbdc85cda2147313ba77920c8ee5752d1c835349ed22e193c09835e04750495eefeb056ce28730d170926bdcdf5151fe2c0b7ffe6dffc1903084928c92f1d032ed25f52d6a41fa3098d928789b75725d264820a0594c12d5231641573d34cc18cbde8dc560bb5ae96f3e572ee39ba901611d4f78332cfd759361c0c9d7820c5bc3d8951d780d0812d3474e42e17cb3ccfde78ebadc3e32327f2dbba9a2fae916fe3f170341ea14b8c1cd1ad0b741d1c84900cec8002c4d36028052a8ac1b453d6c168b6138ea734cbdc6d5f2a980eb9b0ce70d4007f1cef7b2854b14e12f560177009ecf81e105045ebf421841a083db20b87a6017ce9e98c89e391a71a15cf36da003947da4408a8b4685a378ce1d5f9727d355bcc17eba2dee849dfc9e4e6ed3746d3c3ff6f6d6ff22c3b72a5f9c580400008c4788737e44856b25824d565d632599b56d252d2425a4bd60b9936d2bfd0ab36e93f934ca685ccba55c5aa6e16c92ae6f0e63bc58d09f310fa7dc711f7ddf732932a56b73c9178b808c087733e3fe73b0e87239c5ff483796f80e5c0de04f0158b2910b8f9027a8c68ac3a716fec159bf5fddd4d96ecb53870dbee767bccff279f7d3226942106aa6b8c3015e36ab1668183aa4a9dfa5f7b7e9140844534848d90c661fc62bd64589539d0a4cb0f1a2d3a0b64801862daeeb7dc1b4f26684734999b4a7df5a617866d9a92cba3048a042428a0c4a498953ddd5453d647980d7bb60ae1a57d1ada21e967ecab1ebbcab9013db12a6aab272314a497c3b84be3f890d00ab2a565a2cdd35111724236dc0cae221c26dc19558dc2309acd9f7efa092406468acdc3474ca674eb506e91461a8785fd1133fbd11c1d1f41cc28c6881f410f5c61141e0761d51b72a617c4324293d9fcc9d38b2f7e72fec967e3e5aaf1a3d21b35445563bf4f3f1bdb6313296054007be8843a2b1c93cdc3b039f3d6f3c29e1ff74613822e9b0d630fa5b92298e03e86410c1b1df9e1c00b875ed41fd271dbb4e86765af6c70ead3f9eaf9b3cfbffaf2cf7e19cd2e46d1aae7196e8ea3a6373ef6c37e0f0ba440541d55fc17d7a3cc41125a2edbe33e4d76c9219ec73ff9d94fb10a5f7ff30f7ffb37bf2ed3bd96c7d36bede80571ead1aceeb20df5a11b7b94d19d31500a186a1d57ea09127d40d180d0a4e8492e4781619ef7b5160cbe2dafaae2b0dfae6f6fb3dd561398c6f4f926d96eba4ccdd0e989bf262a2a46a3d2f404b1218d52ebc11fe0a33cd54f5a072560c2a75f6b9620d0e20281571b196a9ab732d23c1e58acbd8c41248f0383ad248918b7f251dbccd469f16ac881059c580600049c222955741e3213465374a369989289cc2f9e2b1c05332f9c0e46d3e3500082bff447a65d7fc29fcdc06fa002e34903d4e279787639be7c165d3ef567cbda1b1faa36eff50a832f06e6a88f381f21f679c3618825a8b552c7e06828a9da81a282810fdb69fb3ec4b626fcd4777a8e6c1a1ac4ea10ce556d56f5b2aa21ba4bcbf6fa3ec9ea4134bf78fec5cfbef8ea97cf3ffb6aba7ae64fe68220c1663b6ae1c8edb0e9fb8a92b4a9f7d169d1aea32cade08ba71e9c5f5e5c5c5e0671b05a2d7efef33ffbe2cb4fb1057ffd6ffeefcded2d22523c5e821e7a2fee420a7226e78324396377c9deb92dfd890525f85207c66b4bb04381299ad05903bc7630c63d4190b7f7771aa9bcd29aaceac030da1c3bb87becb9f09eb598351a15fc9597a98a26c96dc9e4512b389b4ef609e1f48e258656336a72680e2c42b3cc5107d491f0af2c92c316af391a0de784b8b880b2bd5bafefefb77a6368a9a11db918b362d8a681168d47833dcc729e65171767c1146741e4ab0e80b534d74fa737c7418808fff0c67d2f1cf851df833c8d41928656e5bcf8d5c67080bd3027682b6822378dcfe8d12c1c16e24c74a90f2ac228c681dea5d37bfe711fafaa95df02cd992204a338ba16de586ff510e560eb95b93d59e2cfbe3d29d284d0bc6c01902d537e2caa63349de9931ce114724dce6614f1aa58b248e14fcf6f7ac0710c7440a424abe6632ba02388469be6d9f53456e44dc6410f26b05ecc67e7e7ab9d7d59f9e5eb374f9f3c7d7e718909513f7483cbd40988087cea9ad2a694cb4609129abc98928c84f17bdc247eb642ad55a1cf756388ca8c589d4ee7116410d9601a02dfa7c4baaee7f194e8918e5d1e0e82b96068481f3ab32924539cfa818c08ccd9ec8da2323d73d031bfc9b4d80034c96c9dde1cc4f669c340ea33e8fa0e0fa644abf16439777019f10f58d3f214e4494eecf5754fadfd83acb0ef6893bbe238b6e91cd48d30598b0ca25d2a062c55f8c9738d83781cc59826bc7e1f95e0a7a8b6ae012b40ca5cd828c208f520463e710d815818aece82c5f2e88fcbb6bddf1f6eeeef377b60ae2fe2665ae86e54eab3f3a5ccb82a5c010e8bbf30124666077a1a8079c44fe981974f4f9d4de2f964ba84972d56e7abb327e7174f2f2e9f2d9e7c162f2f47414cec4d6c6402f67b5e6c1c5974db9e5ae3fe40a747273205abc96678a411f309bd3a4b7bc9a1692aa2458493a4e9e1b041e4b338faf69b3f7cfbfbdf692406cfe0d6a0b11c48baffe36475d046ce68135d637e3c2f8a91307d8cd0528b6e1655969709e1f161dfa344ecc6b199cfe6511826fb437a48e401a4ac01b6e77f468d4284b294d15485851277a4311ea19546ea773d9cc1b5704ced311c40975ba037d8a23008ec8b5472df5a5ec0860ad32419b46d1c857097b628aeaf6f379bddd9f993f9d9b9d8555fdf43016cd0e400ffddabf34ccba963c9b4a67864133131151a5ca00bd252bdc9a3f9e1f2d9181e9b02381c438df0aeb045ad2728fe2e01714495a9705668f5102894d6261c8ffb931952db6b05562f4dcb03f14455ef76c93beab62336aaefef0f9916fdeda7797bd0726e3586078aa39018b2ec05a087b80c507b36ec56e2f1d5ef890ce574a1de2246409cde651e76309e6020657580758bd7c0428c8e4739ac411f2384d195692782965ab1e7d22a094f24db33c07de4fbfd66ddb6fab4f66c31bbbdbf23682068854c8ffde08bcfbfd010949e3c0a0d28ae431007d22d9949a97226ca58ae86be8c5ef51fbff68fa5569ed4b2b0606212d1cde08afe90486612befbeee5cbef5e72e7c17cc2d367cf3c1a786cafdebe1dfeebfff57f7155568e4dd10e9c55a62c448d50cc3c5319e3c22a8a1aa864fe0546408baa60f2c76cba4ac1174647cbc5ef933d08838651b3d5743ab2f8fcef7ff3efb13e7ffeb3bf18234a18de282c92842607c168b3be8642e5e0bd39a6493ec1ec9f9dc98c69a4aadf9416588c427f32930b8866c4e4854d7cb3376fc644378463d805624e1a83e195e2b4ac02568a305b5d8d48aa378e315dcd28886667200f83318997bed60d92eefdd1c41f85b3d959142dc79365102dc2c979343d0b66e741b4caebfe216fd8cae3a06c06658b2d09bd683a1a4543e103948400da106fea93931545b35019030350c07d687156d4ef8703115841477d99dbe471103402578fedf78ab62dfa6c4df6e2c5d7bffded6fcf2ecf9e7ffa891787d3f9f41ffee11fb25d82935bafef968bc5e2e21cbd68e1046912532995ca74c1fae5b0b0701c18748ce9d9b104c59156fa8af4a5312d0fa9995f820ea4751c05bdf92cbbbe3d5f2e3147c94e0baa71dfe2d913a09215b9858814a3315fac3e660ffb43e7850cd001345e20887020c0767ecab0ac3d2eaad1cf4374a31ad9fdfa019281bf14781539b79af7a6b7c2cbf56d5de598888cb02b874acb92438bb1345c63f6548fcce804729fc8dd1ea961411aa40fd47a5e230b4f74e0717d55e1c7a82b044c83e81c290303b8648f54d489d5b4811c84df7a783182a6f0c8368ed8fa7e3c995d3cfdfccfbefcc53ffbf97ff2cfbffad92f2f9f7c3a8916cbd59378ba0c8359345946f3f368f12488cf2055d3c593c5c52767979fad2ebf585d7c3a5d3e0da6e7bdb1454f43fc6637e227ac204da4250db151733d3d381ec76ce0a6770446741e382246487d4332967cd182a7b7a4d569e0578d3d59abd1019d787971f9fccb2ffb134c5d359e443ffbf99f23ab905a12997265951b18ea5eb6676f0220492fca567530acb8d3d4ca2485243536ad51abb15e321deb8bcf030f2aad77c2a11c90506264f54c9a83f745a6649d1daaaad2cba42e3397147ec35ead01d44c898a0b10dcda15fb283d804989cb541f329709e262e88a126ace32c5593d7cd861d7565a8a3c4df67af941856bed41f8104e5d371a91aaeb9a1bc75a9f5085729e6b5c6e5643ad610681e5270d38d25a9c27ff634e25159d2759b5852625ccf14831a3061bb5e7b6107ebc3a3b9bcca60a2248fe285a2ece9e3e39ffe4f970a299c214a961492279cd4cf5e82198ae209a06d39917cdfac10c7ba39e8d6400a5e61dd055d86895c466c37d861ee4222a79e2193ad955f2a384d1e60705ed163ab9e69330dedbed9690215e9ee1139bfa381a05974f9e455388d790f0e4cdbbd777576f7a452a18c91a903ed08e25ca75e9e180e4ea6307186a37f5c49e5b4112c6e3a8a78fc0d012d53b4f538db700a60aab8b2c3199ee4edba323a3c65d420476fefb4d05d00f60d2bdbad8f63a18d810a72d67a1457de85ac4ed6581f9813834b5de128798010e812c2fa8073105ac9be2011102d68305ec2c8cdb4003561e274d33d04b084aba46cf98acfe3eddbaabaaab4f776000421c7a5c25336ee3d4dc48f843f8e08d9234bbdf6c92edbe69da1eae6d12eb1a95ebe97a74af8791a8d656009315c466586fc23e136f6baa05752067915f9913dc048c58c0323b24cf458fe5987a5a55553d3bafaabd4ffc82e04cf1756bef1509ea9eb7d9681957c067e34fa37032c73c8066287b9227db64b73b6cf33cd58d4d29ec75d061af691856a8fd6bfddbd2e98c25e203b507f736a29359648a6aa80fd2ce0ad0d86f404fbfca6bdc4d9116dbf53db17940bf25bf872cad01a8cf70638db1f40014079a07508b507787c84503069d44cc181023db1ba390f681bd700145691bac4e55c28c13bd8b44565ada18f41ce5b98896ea125f85a9c41a29932e21427508ab9e9dc46e5ac24a111771002752dc41a2023448f5525f77eed87abf358703b7a15a2a5016f0527f1206b1de5cc4d522c896ba51a5f1583c147bc6b15d0f4126441a10c70d4e4e6748ac170f47b1fe040d00051ea3e791501fa3f38214571a64557389f774ec926b91db9cfca572dc3212408eae39efdebdc32a3c7dfa5c3993673c1ff813cca71f06655d684e04dd61ec41c1f5ea9c72909aa8b72ba333465deacab2d4c9b313357dd5cc0fcc518fa49a6376b7bdb9ba4d0f509efc58ab1cd86d5bd6d7ef6ec83e0a63bbcdf50989d5e5cbb10c2767ec5f0a77e74fa9a3410fa9cb443c4300d253c35e59a254652268636b08aa0ebbbb3b71e4e371b7596b2207906f50b929562f760d354f44f3210f9a69c8bdc43a6ebcc02c0dc7357029b100e617075a549a44e3d52f1b78fda99ee8c172d579fb8b9d6dd62e89573612c3e305e13008353779e8a9f2326c66cc38c656d931d8d6ada8cd60815d690084644537755c98368192a14233cdbf054cdc68b8e132ea206039dc7086bc5c37e3a747496548aad48f866aec87beda5448eceaea6ab1846e7dae5a9508c4c3524f17173ffdd957979f3cc305dfdc5d7ff7f2db64bf913cf59ccb2948e4cb390993cb23253a8d77493dc32a3c54a8380e3536c6cdf5717fbfd9adb7c521dfdd6d0e9b3d186aca667db3b6af898d7ac4572e833e2a381d5b52eea632a5ee5c971ee34649d290b131bb2aa16873f359b8173a84da8b4c2ff8ddddbe0b3d6fb59c27bb6db9db4a3adc629fe882167a782e838b5bf09bbbc85cea9760558606ebb0cd4289180fc9ceb4d876d024f418624c49aabf34a264412cc646aea40fd36e14c993a7d70bb5b41b56f990179bc32103b2237f104fa9b4900d94f56c0c5baa95f0c0acc0a128097c0c6abdbb256c2937ec4d7fd4428d8fa3bad582991a4156908ad531e7a5fab8cee9ccc9e3d4699a2364a67250b9ec37d76b51e9dbbb6b68e87cbeec7962211a31eaf9e83198afbefa8b5ffde57ffacfbffac5cfd322ffeee57787c34144fb51861f24a9d155c38985647f2a5125f9669d312600b52a8b82202b3da455516deff18d077c565d36b7d777f09b63410cacd1e9c749d99dbaba4a7b38382557a7c795b30c1cf2b4472b432f9a0cb1abbe9e1f4d609af2a628a42dd374398d9f9e9d3578e964ab5b9091beed4583d001fd8d7ede5645d9d6152ecc18aeb30127be6c80a84a7029dcc0908abc92cc6badd3a80c3bc4b8842500d69c7183e67aa48c3f200a93e28138fe8e7ffcb1371a13adab2cbb5d6f35e87524aa84350afac368d81f8bcc49d608770c39208e33a1ab9fa04ed19abea75a617b405dd3b71538ad02ec4f8076d57a74e09293b04c0e1042148ae0b9a4adf3f4707fb77e7271319910e46b425f2f5af5c6b31687184c8771fc935ffeea3ffb17fff9a79f7d114ee26832914c36d7a61df294ede1e03d477d9f0cca4e6baa0c940e7761de005568965e856037ebedfe7e5f264596e4e0c683728d2344f9eecdbbf57ad31f47ba5f91803d3f576fa77c259428d858274067031b24e4cf074b40ed68276de46704aaa139f553fab717b445d5560d26e198659893d97452a6c9d5ebd774c3929a6c37cf2ecedfbe7cd93bec8fbb1d191ceb12c3b25fdfd2a097df7d7b7b75cd5d8aa1a418c560b40aeb8a43247ce304ce996a799ebe5609d1c3c8516322045d2c3266b6df92b08f0cb1cc4e7f1a07201c2586c2845059e172380ea2f97c3c89514daaaf5f55f84d3d35c793d24ca1437e14dcf4ed59985c29b90df496164df64681cc929d2443f7c605f10a9dc714639b7a873bb6641dd472a2ba6c284d7b2da4df68160432d5544ce8e2b179f1e2451cc710120af326b35e51a3e6d9f269b24f355b339a0593e92ffff22f91c7ebd7af31db4412ca9c24cf680e84fcd9497182bbf6d22b0a85d369d3b5d64565bf69b99e020daa4a4c00420507dbaeb76dd57efaf49397dfbee0aec56255149586fbad314203975acf7e80649754b0fd6b7b72e400a1995ef5873b0fc6f03fc63f84287df98ce2310da8d61f7ab3498cc34215fa48f1f178d8efb6a23e25b13435ced38c785adfec1015d4e70df0ab6d2aa0a89768a7bd333c3ac301b644dcc7c230dc0dc2053d52896d962cd8928cacce889296997bc595589f6c4404256281de4245022b112dd3b7ed9dcab551eae998e4f62e3d3ee3f6ae9e14c19f069d0fae2719f03ed8647538405d76ac83a3be6b9ce2a0f51c9a0ee06a2e3b1a0c46935130f7a2994ca3de929a63f36eef37b7776b3c8e7a9d5c985e4930f3734a8f9a73aa127bb12349887aea72100b7f90143136e481008fcd71b7dd8398288aa19bb946e25b8563a7a6d2f9ed7ea7a413803e844ea7958764d05187967da2558e5e0cbdc1388079d109d472f7fd14c29a71d8143962c02c1ff13d7946c823c1e559bfd1d40e366c0635f0ede998487797a88fab645743bd3d5b35c459665f6468d456095f7f708de8964c2a1533f4a86964432d71d9020ace4ba3a24e880629844207e0464d03b7f31cdbc6bda2750658888fb88f6d8f0ec848793dfef563597d984cb5da3487d16c8f180f1b95c3754bf7836192ecf7fbed7412c57a8dc61ecee01635a4849f9df8d1424394ed88b86fbe3c1f87719a68fe4b184d4d0e8ec7b86400ed54e9244d1d4908d31d5842d9dc08afac35739e046411a096888fe23cd783bf4934d51215594e3c0d43b29b91af65679ddb2c3c4943ce2a8fbd1d587e128a55a5db285f96c0a6a8e1f84dc264050638a339564ac0052a43c8d59445bfd15a4cd3493819fb5596f64a42c19238b029abf47000526d8573d342ff58acf72a7854134b28b54b06a0160647b37560c9dda4e608453407bb6dcd14be553774adc73cc6dba9bc9e6e08eebefa19e7b5a93b292f7dfa4257ba3c1fb7fdfd3126ac33c614ed3665fdbdc4659c3ddda5cd5d8c6c39c6e4e84fd4eece24fb439ea4d3a9deb397606575e43d354359cf5923cd37d2d392209a9e61b2f5819cc40cb65e71707071a57cbf320f0022a99fd89f0017294aa43adbd7e713914c308e16ab25ae131b813bbeb9b97bf1e2555d35652adbf39074bfc4fd903e04d0c94975154137a73ae9d00e1416e9723d9ed657eae85184eb35c13b884813e83396113e1607fab8c4f67ed3a6b9b8ea68a85ea38fe268d22a57833665df895182d08b2e724a4a43df671b402f46ddd8286685e29da6f56843c954ee0024e765fe5e32327f0f4a44e7e4e0f5a78af56cb55fbd0f217385f468be4a2743aa620528397d3cde3a1b652893e977db8373ff38496aa74dd7001ab789fa7479d2f2525f71e0f2f97426f10ac158400d23e9418d363ac6cc9e90041a4a380eb3bcdedcedef6eee5ae80b1bf999fa4e05b943d3f2fb63294ef9bb8d7392a0ba137d29082774adb2d6dc360a23008532c20cd32c0f2631120283ef8982dd7f623f9691ed118b548706dd99ef253da8e11f7ed52447d884de69d58aaeae0de8170b348982591c8f477ea3572caa2cd9dfde5c21226550ea550f0d2d7b9ed6ddf77d3c377832b32267d459982ea9a4874dd52299bca8792708a72392bb8c338abc5c9220d96494841e6b2cb01d6ad6b04b9cb18cdf27bb1199b85bd99c9a39cf76b23d5dc66c82c26973e9f1af566bf35312ac3bd026f4e0c28678d25eef70d8557986c7c7f6a8920052b5a00e7acca717f0f4e08fe46b5469308aa7674f9f7cb25cae688cba9bc9cd2e308090d4154eb8d1c1e3632e5207b3bea438092160f0dcbc3f22155844d9d48734418c93e9941f394ff6869ec7c989def6247527d75a4beee443e23274e58ee92d6487d151bc42dda5449b9f0a1a280a32a4e759f5249423834de3d277bbdde170d8dfdc3679014302f0d97e9f2409c7549d03c38ade523051b8a483ba2c1b85977255a4ae72109947f52171c684ce391bedc53259afb68ac381a891eb2a9638d6026c50701fe4697cd6827b333cb657ce9c751bb9b8bd6d2e5f65edb6879f7e303d4692dbb81ed582397c8e3d3ceef7910c0c64369b85e3804ea5fb247feae01e7c82fb61a3c762fca461c9d5eaec675ffde2cb2f7e1a4f66dc68c445187b542b97decbe73d80343c20d6e1920b4650017d7e4e342ad63ee104cac9f3024c2559f6eaf5db6f5fbc023d940369b5023a512a53bd4cc21ee3d659624cd083a4112e3f5a91d61ef3717dbd56892e1b422a7d779c638b0735830702787f7f6f1fe71132e87315e118e625cddebd79db6a31e20885adafd7f7d7b718a160ac8f1b72271b3c09b624462d2324a62c27842791fa87c4ed98530c8716c8702ab66a1aec6d8fd0313cd4508d90448df1387ac7f56c684594420c69a4f7b674a530a38b4966c61ea4ef9244744a4e149624169295fdf02ffbd3895372b90906ee66db3846eb44127add0e015272144e3c4da9b6b77815705117971d92d5bbe8e6b6a43d84305bcc836892eb93a8b459f0e992d9e8eed865a0a2dddf96243124402d8c545116aecaf3a1c6f1623e5d2d66abb3208e33ade49b0d8e5e1cce8a4391ecd2e1bffe57ff92cc254324ac3705119afd25f76fefea1dfb799a9759796c888b27bdbe8631742151c1c0abf47c4a63c56546b37b6130c6cf8521d1161aab7a79d2ab72c2bea17d7e9ffadddf1f3487693406905118c6b13e0805d5d8afb7e2debd61b2dd839e572fbf7dfaf4c9248a642e50649e8f6071c37e96a47a5b9e96e945b3b13ea4a361df63a17551e0c26885d66052052c3a1127f9038a27e051bfa158a7022e3d5b68f46eb97aa7736d922252a67a65d5f4f49adc48d39888d346465af12ace86755841e24eefb45e81a76da6066d1c6015dc4f4e5126579de77ff951b38ae658a55a87d8dcd31732fae561fbe6d56b8abb387f3a0aa7861e7bbe66ef8902157b92de40cd2c7c2548cfe369ac77abb1efc726490fb41f6ba1979c40188aa41aea6f5d0568a8a4a1464bdd66db3b3988f33993411ddbe3641aae379ba26ceed6f783feb8c8712cc3f5cdee9ffdf22f9f9d3f1b0c8ed5406b3b6030ed3918f750866bb003ecf118cd66d3e5329c2ff4cccf44867123519ac046454ee36594c979f7185c9b6aa039865ab1b8aa9243d698eba1e53055da9c260998d86d76910f910ef69bfdf5bb9baa2ca18a8bd954c2255525a43bd9ef88414a7da914ef682fe192ccf548e5adbe82ae337d394d3544387a9fac4f28d472f53f1db8648d7d388f878579e8622784d3659289acacfde16e77c79c771be9e1bcfb49b362dc763af371320cb9a75148a594ed39a6697a404a1ac7724fa08ef6f246dfd38bc6e0deb2d2e854af4fcfd1e08e099eee05d3c5ef97a5cdd7860bbad88503551e4c9b17d1909665a0adaba7392feb00b66f352eea15a2a8c7703a9b9f2d07feb8d588c7e858f751d6b13c16494558516b7d10dcad1633a01eb2d4ee598d8d9c898ee689be657cacf3a63a94c5aeac41a0cd5aea6a404b6985561da422f81389d841982433daa59a381ca3648903c2acfbcd869b6f6f6f911e368cf3d8cb30d272b99cacf35c0da3ef4fa69378e6dcb07d90a534a26dc6d972b32e63fa7b50f60f252ed3deae543793b0b89e8d339cd6430c34a1314cada181f796b8a5d7ffc8c9d4f7713261f68f957d759a4e68b1bae662773554d3ba0db0f0cf49b6ea3f6a8ce7f7fd40cbace0caf13eba85cd55bed39451941f4b96b9990f97a803da994c26b3d9023a4bd7953debf7b7fbfd461fc4d4c459e059daa2b83908d033c4be5b8513f3ad417a36ea0febed63f509aeb55eb30f19867950354dc53513d4d60de0a030aadb9664680fc90523194c0580b0af893e950932a801ec87e2b7db6d9a15ee33eff06884329f2ff5a9b9e6f8f6edd5cb576ff2cda6391cc027940a1e4dafdcaeef294863891667d1681a49284786d67e1910d13543840393acb0590e73fa3a4d9dd85b3291751b3a01c1b6f5b587b5e93c3ab05fff7f4b4eb56a0925eba5f222a539a04773d33498f9001d114973429c1a3e107ff97c6d98fc51cf0b97cb330810264a63c65c8b13401718888f7b816b94189e8e65c0041d9548a6c3813f897025633d78f13598946b48c5a2b00245c0a56d464899b3b59ac75e1029372de64a8b95b0f5fa183dad57a22f56b522747d7d8c4f9fae2aaa04e56828ce2c225040a924142f7726dc58b30dca1ce8b5acb13e5200c2b81894d17c0ee867979797a86abddd616ff91518d14c2811380bc691ba3fe446dfaccf8aac2050a301047192853942d7f3e82966ff4d103f94744d677b5463ed9db9a6aa5458e2d3480f35a1e36a8ebd5dfc28fd70b67f623a01a54bd4f8e14f0e686945288118032d6b1a74c6831a2a8c179a0dfd1c8c38d04099bdd92da08bd974566a1c4ff131980a5c9832d683485b07fd83584fcd015c3a70ca92aa1c0a15920a76fa6e6180d6a809be02e1206ab4816a889ad1d4007fd4632bb29e3e749d6aabf2639de1cefa6d3968ab214eaaccaa645ba7873ee73594b76fcb833e83742c511eff50accd9f10012489fa2878b1ae6070b35a2a21170812cd02bc54d29cb4983c7b6ec44242f4890cc14a14c593c9b417e83bbcf83c97ed72a909e0a1de5db7a77a940d00354bac2270e3cff70a472feaaf24f54e4df7a4336ad04f80371d7081c42ad32e00991cd5a13da0e30c0ff2b21c48d635ffe9a96bfefbd42992a4c8ebf42784254fd23dfd4b6ba7e338b0e2dc4bada560550fdce009a8bfeb03fcaaf8800444d484a1bc537f403891eb7bf2b656898aa0833d46aa4baa95a8ae72a64ac28d3641472a55e7a41779a35e3459aece6014c413102ab4b6d96cdebc79a3cfc51cf102a596ded0ba7c55de2ff361550eebcad3d20d706afb2ccab1f1084fea2adbacd76f5e2577b78436821ac86b2b1a8f865ca221685ab551e7369fa7e7009e22176b26f4054ab1dbedd07b3089d03c2e490fb6cb46a32d5a634a8f0b9243b6bddf16f7dbeb77d79bf5260361d01d0d856932a17c16c05581da5122ae53657688799fe4c8ec4097be4f1cbb0e0715d5cc70139c45ade286f209ecd5f3c9926b3fb8f74f4a56d047c9483d199f0e4876dc94654133332c2bfd7b381ce9513f72b3e91f0aa7851872539e54941b0cfb9c909c2da6e1321d682967fa587f88787b62e2357a5029a72771a7e40edd3903a81ca54966d0277cc11e40178879d114a091e4f551ab1a65e1228c35eb137c10e76c58e51ed0a90bafcefb0e16384b2ec80fc7fd36bfbddebef8e60fbffeab7ffb7ffcef7ffd7ffd9fdffcfadf3645a6b79a3562d4d2a365f4051e7dad5d8f5a68982ae10d6cd47b6c4b58125ac5b32928c1f650095858d31ecfceceb08ec0f9eadd4d9ae4584bae2ecb0a76c505ec653bc7919820c17956e2c2ca2c13b552c31598632e28d8044137739edcfaabc0646e5407084520b06ec5dece68239dae7460ecbaf5a324f3d01dfe29e907ef718839ed052029953d3d8044f7404f41a477f8555317e7ba2aabb6da03166ed6a0a011054e5a9d6dd3b002f28aa330261f99660c18010de644a5b8ed717211a84945a5b067a7bee486c0b7fbc3fdfd56f5eac188a95b808af1005058980778c21941d40efa1cc8d51b802240e4a95ef220b05adff4b6db7e96dd7df7f58bdffcbb97bffdcdeecdcb6fffddaf275418a8d17842e5bad28abcde0048927c7b6b538331c048ea1dd18f213a1717176e0439cdb2c9348ea7d36fbef906657dfbed8bd7afdf2ecfceb966b15ae6f8d4fe006af6eeddf56eb3c79de52066979c9d5d50f52ccbf44c6a302af60799d67e1ffb0c7490fbc098b838157eaddf3f60df361b751764838ce1901acfe448b83670cb4a0f30ade6048d60c9f956b59cfad0f3b0d50057970ba91f09fd9f96948966a5691c4b83ab7640fd5aa2dabaac8809e830e8069df49a9e9680914d7586c7542baca996ec4643bd76a2572cf46eab9bad065b88f8b9a7376cfca21243a81bebe1f4f346cb302320eeb28ec2f57aac419069b68d2e445528c0ba995cddc05e338daaba592ccfe026e456545afbedd5ab579880c148b3a0113d26734f3c839949ef6ff2372fb3ab37cdd5bbdeddb538f5b1debc7df9eaf7bf5dbf7ae195d99717675f5c9c8daa1cd2a48122f6100af5785a440742426e084311af03b27cc1d05ef494c36bf1e8e89f6b5139065015aa455e60c4c01c4b75b6ba180711c1176d4bd39cf35aa4fde696da636830af6aa44b8013009ac744c75654f734d42c56a83583f4a72e953cec88831f48273f22eba363dbdedb066bcb9f901e55f2c324bd5084923064f9eb318b5ee86c7a231b4007d7b854d020caf8def02859e55d551f37838b8586cefcc8afd12ff42535f5277c887eb4110932d69d0641b5955bd800107f71af488f5034e887b369c7696db21896810bf23c877d86f1849ce56f288b7f0952fddef12c9ec4e3d1b0ad88c68638afc4ecd0fdfaf6f5abcdd5dbf4feee98a597b3e9d3e5bcc9c5afc1b22ed033260b7c24141168856a47bdc346c170674276a80fcda026583bcad5b305bd093dc436dcdddd1ff68906c6a309520bc3c9388cb6db3df1fc7e7720af85be3fb10455586c3001fe8eea42f6223d541d5908b56d93d1c968adcd916b5bad02dccd6df8287d784652b3cd921e4cd009255fb3dca0c7997607a63f397dbf74d93b53bc41e704538c085e9b96615f313f9844d509f10d50cb4715a6579e60ad7853ec9e2ada26c0d9a0a2ce8ffd10338d6f2971232a4b04d974240b6c6de65ea37daaa7956226c730040a9ac36e4f6dc761380af4b85283083d21892e7d737333a8352bb8c76fb8b1f5fdb52cd07e7dd8accb1c5374fff6bb6fd6dffc7e73f526dbafc75e7f3cec57e9b6290e90e822d95545da68e12a9bcd442d8446ed0cec54af7fc42ed8f323b1668df968be58a9e5f0c5b23140140a8c88914134de0adc705a0f169aa35e2e874a577a4b5013a4028d09d13af972d9290df9b007281a6d35838c0bebe23ebc956693ca0213324a26445b82993890f5dd53920e48a642c9574a5541b815cd2c10a5b3ceca05c6caff23240a627f42ab0ed0a59a83b3eeb75a0ac41f45d697c57f5dd74767a75af3af363d6c70cf1b94ccb0743087b3e80301f4226fecbb4e0b8044420cb2ae60f537f370d80dbb97d30620da8e84c47bfa65dd14651dcf17cbe5192a20db911f685d73e5a30f3602310dccc3dd71b3711c05e16838d4db29bed6558aa209513eca92f3d294be3acb8ba42cd2324ff45d9232af552dcb4dd0115830658e5b503c67543d3dcc139387380317a0833f2e2c8127ee3c3f3fa74db83058d13e4db6873d95e3e4f9f23cf4c33c2fefefef6f6f6eeeefeef15cd66ab93f5a21dc74e2338568af0ee4aee11f8d06718d1afb51324909131f25c1c8ac958c0137bb33bd01073f90cb7f40224397b9f6e09efe8366e963d81e02a86e12ad543beaeca1358d6403e0c23aa6913f4df0fc64965ed76087e4bbcdcce8c1113da8a177a129f46ead70e292882c9d1aa64c4c9ae2021c0471ac8935f3a5e2be411f4700e92c0b8d9e7081e8a61784149497e5214d7687dd9bab57afdfbe7af5f6e5db572f36f73759966e771b30043a6dd6ecb51e4af41a300455a2c3a8774ac454419a90d2a458444ffe034549231fdbc34fe89096104ea966f6429f0bbbc010077a349357b83ce2796acf9fd829cc23dd91c49fe4a94c08d7733d43b622946824b2737982459dc18d0ee42be5d7083524595540423bc9e9e1c0f4679b591ddbdc75428f5af77ea484edfd6dff214915eb7c8792da94a787834641a16aec445c8ef247d41cb999ed7948ae269a6e621d83b6eb5d116b63677e2414f0277f24e188de622a32849cb58a63d410657ea283f2122a482d37ea23f323ec8e888430817dac2207d8302ed610b325900429d1134dac4dcf1bcecee6e1345a5cac56e74b38c638f417abb91ffa72415ebfa08d6546e6499eac377730798d24a11bf94809a2d5ca048487a5295a6a532ca3cd838da06f4c0b6a46c7408426497c5ad3b47afbe69dbb9efa619e6036d40c530451e6167b41a701797a836238826043bef99f829ce772494f597a3d4e6a80d5ba0ebf2aba71f1d4f79203103bb7753a61c397a97763519196362aaf2b3b1ff71f21210aa1df0194ee58d7181ed003c7f747810d4c60584c919d43e92af928a9320e7f88944bdd9fdc859d54475597d5d818e7f1f568c9ba28bea8545c6377b1779993e873eec025cbb2dfbd9e8b108fedc5e525e413aa8ae2e673bc1291dd71d054a0d78fa2e96c7a76d45b6de3d97c355f5e1efbf84b3d264d0e19d49508595f1b1f47301b22a09bf53de680766aa94e339bd41d492008d080e4d50538c9af8a0635eda03af676873d17604c291b17064ab0d264423de2c90c81dddede12663b7bccffc68a86f8d7ebdbab9b5b055c12fa5143d5783ec9a2cc31faf6cd383c7bded49a145de5997cbcd8b91eeda9fd26eb8fe5dfa54e7cdf4fd2dffbe48e01d647187a7cfbc3f5ee1af694c85e7f2a12b5031d43fb7033adbe2daf47d255d5e6799da7fe7844a7a51775399945119153292ac81a20d8e9f05413a32a5dd1b2212a4ad0c385b9c7d632668311812dc2a79bb90b5519f88df0c7311bd6468cdbc8167b4c8e8528c1a41768ddbffe27cf26b37956951bc84591eff6fbbbbbbbe1fff6affe47b0dab7d919be1f4ee2a5378a471efe6eeefbd1a8ef2fe2591cccae34e08b67cb2074e351e479d1389c8e668bc5e5539bd5244645cd8330808e10277a7dcd9eb1514ef48751ca9baa243b2d1c763ce665b5dda5d814348e337df2e4f99bd757b8e6b3d5797248b234adb406773f9a46f853acceea7c15cfa6d8b5344b89c247fe282f8a601c604ef12dd8d2e1c04b0fc9741224fbad3f92a7d48485915754851f868604b391eaa7363028c59090b2f1c3aeafb1a13a62465d418701d90384888c0583819e124b81a6bc93c24ed237cd764ad505d69b8dc377fb6e533f3b3604e518b826df0f7cbfdddebffee60f4fcf96c3716f1800a0515f5373a8f6e8d81ff7f5b2731784cb101eebceb1f6ea343dc8bc6bd5293540d136f596da9d236e34c7c9f3453c7d38cc424b33fbbe079770dc482d365c0a6b8a33f5af3813c2b13921206d1494494e1883a8bff8f4d3ebebeb7fff9bdfe0162e9e5c8e0977342f7f18f60741db1b4383301cf6b56163fb43addc361c850449437d983cd4579c06236c5295d78743ea41879133f5c43b0ca0e8320a74ac468bf775537e244959522d2f4d78a559e71ea253528b4dce799247a18c76992b988f6d32061760abd22c5b6feebff9eedb172f5e1c323d1aa3f76039e36832c221126701c0b24256f665b81ed0a2429beded767da76528063dec9353be69f7c324c7af6e6707babdfb53e9e18c3b70c7fceef23965a8e63f5cf63859b3bbcdfd29e8b81b3d10db94dca1a1a92cadd283df6fc1a9823b6da892cb284b79eaacac60973f84595a16cdb4d8f021296f046d25daddc281ee82b8e92d69010a1361c9656358797fb52ec6f0a8b7b087aadb839163cf838a8551cf1bf8d3f8f29367cb8bf3d5e545d1d4ef6eae073d18fec8560cd5978e241b58b13c3f5597eb5437c545147505db4e35e354a415a7339dce151e432ca88df11ba31fd04c3d875215d5cb91980c295d843e457d39cfedaed91c9ba32beed6379ed64ea8b7db6dd3b6de682427080aeb23ce6bb55a0117d2c5f23c8e636e4f768acec4ff6dad050a2543d0466636c433ee295a6a07fe381c07aa648b213413e052671e7e34c1286dfb387def2eda68db8f26a99cdb6c53a064d36b7019c3a6ca7430ea5587cde1b08322c22764eaece9ec23344b1386fe2ec9c058264e8c2ec98a74c964fe3e3900f13b49e6165921673381ee1e3df67ab8f983b670d6937d1a84c1300854663cfde4b34f9f3c7b0a0841043652165aebe9f941dfd752129acb48275685a8871603803dec9354efa5d224ba850c7bbfb2af604a797a8682380c6734e8d8882c5b1c6427ed6341c440032cdf69044ca6ca5e02b551627e8317736359759f7da079b0487e82e860e1b2b468a16d9546a5e1d144efec9138e6cdddae52edcbe29c0452541e5f06b5d2f30aaa2be1232e0dfd698cc4b88034a7eda3d429ec7d42021fa707b83c56d20fa4efdfe90ad56c690d4fe1d031cff56eb74eb283871917e319c2416d1d127b2e21c3f690cd436d75a04e6963662eb91f3a3ca815ee463be02ca1bbcd17e048fd1b56e0463a6ce3526b0bdb4311a7da8f3c3ca51646e2a0d29bd18bf3b3b3a797d76b2d5f0eb6b89778cf6f46419f6e8a111a7a2db18f146f7e5143c63da808166882b5992dc77e08f75aaf372f5fbc16a428dd5da9cea026a14573ae36834228d4066e44b187981f354391a928338682f88b28dee74692de45f67d72004720ec934f3ec37890b3393a90d7c3617df1d9e7004fd7d96b18ae33915c0e008e28bf13e821c9d314a7067ec844b3f62d029798fe98c1903e9400de87e984983f7efb07c9fa9053a30c8f41877b6ba862afcd6aad52b1c7800b3a206838c206d9a2a2d2fa4987aa107b1043429a76ace7a34675c4bc753da6459eeeb4e9d8cedb35d8082ef63c0528555dd0d9c0aeba932a23a328bba8c6d134d74657384ccb3241ce42e0205ccc3ff9e2f3e75f7c36f0e164eda021b6d270f078300a9df32242d5f7fb28526f5eea71895c6fbf6f0fe5b3dde150e415b62308424cc5905a7219e6475f2d5437efc60069b07a3c4dd33239fd8186bfea9670a9ce71387abd5d3823cc0671de7048ac4487c4909027949e9fb022efdebd7bfbf60a6e9f2618a312dbb3ddea251e3c545d94599e1c76dbf4b083fa20757d17dc5ebb54359a16ba53eba3659526c3c85d4a521296988155cc710bf90813d00fd397ef2789dba46cf9e8d825f7a74b64f2b0b9a45bc458ba17ff2af58522b9bd7b57d5398c12f4a0dba1fb5202e831f26192a77266c8554b94d015413f692a09dca5aea0ae0924d79c87cd191ecd062603895e03f1da648c5d73d8ba2e6107ee1880c80549897e100991f1f4a77ffeb3affee2e783f148af49400e067ed8f7fc56cfd4ece3947a27c3568f6b0775d596555d1233d987e2d022dbf1a8d98a58a2fd2ea1070828d4a669836e7aa895dbe0db707b861efb1a0801211b26531f16d3d0a7280f58b1811bc249108921a976bb1d10c4bab899b30fbc67b190d59c4de03ddda8f447bc07128d4cc33080ecc80ad5847e7e882346ca40c7f92cb92d31b34ef79dbcbe97501adbfbf4802dbbebe3c4c91fc9c7944746b6bd874eaf39104be5c5e1f6ee8a8a4e26216db7be3ab208cbd6aeeb14af7205a0d31f96952821c970c38f101a0eec77551b57de156d5b17870320d0c30fee398fa8a10801f5e19ece08bd6f9d329601236423e0d2df5ad84f0460f1fce9eafcacd0a7e253dae6eb918a7d827b1c6acd02fc4a5f0b190d8e5af0bc0534f7eb6d5137d164ba3abb5c2e2ffa430ff5bd7d73b5dfedb0019a42406d5079408c8fef19b5c75a73d0dc7328920624b146433f8a832022b6c2736903aa5a10c543bb444c5128b381e922e0c247820a1a4caf2c8aeaeaeddb37af5e035c8052e50597e1f6e2309ac45418537fd4384f9adedc5cabc4e1908e29b9f8e0b597efb6d81beb640e2ea7c0e441e58fbbac4b68a5db9cd93ffda964f9b8db1d047f34b9dcec2e5de54ae4088babb797e835626f282018138772bda0630b4919db35c2abba91c3c3bdda3b17a67e4b9dba5a7199bbd236ee5289eea436477db49aa2f907c30d91c40368d8c8ed241f4bd630e9070b60f1c6b0a1af663930faf35ffee2c9f3678bd5525963c8e8ab74773d1c1b86c39e8fdec5b38210dbf3fad55bbc6d184c55566f0079c8337e1de14a50675de2e56c1eaa47189f9749525000c5424dc6b2c8ea077a4e39c4c291ed6cb1c40e5f5f5fe3803800395118e821b0be50892faf16cbd96c16c35e60bee06f124679a23569b03db2d76d0b652680c2fc8033ee7326870c3191cf9f3f9fcc66bda29cc538b15979b7264a0ce2a9045a377591d545a18fcf21290d6d5666172d4490d011854b8a4d2c9dce48853a3687c766f27c9f3a717f3f6910c5c57af238dc6aafaf1ce5467bc732cd0ef4139a091d9ccd977a0dcfd307b6345cd2ca73a10ccd7fb03bb5c7cdd725d0c0f9c07cb1f443918f21a68108d32a86e6b5ba83e6922a4031fc694fd7c5408ce00678c7e924ced32ccf124548d8c23ad5e0aa8c100da1aae27bca4ac822db81a70f780fea5ed587cd46d0d06af5ece9577ff1b321316255251a59043afa3698d7cbd1428333c398159b244bb2f1389ac60b6b266e64eaf9119d4e4f5ff50d6c4d46d6cb31445e503e4d75568f946b6a6419c55185662d2770ac5badad840d9bcece56e78ea0d0afe12f511012e7158516e6c51fd56d330e83f962853507acb8e9222b413886971a0023c0446d2037b7b7b7575757797a007fe089fb35a89024699200357da9993e8d954fe16a6903409bca5e66d2cb747206d416b32d3d9b697128518df59ba5079fe5921af3c1f663beaf4b27dbe03ca6a4d0f49a62e00df2cd3ad91f7ccd399fd80731027eb1f7b6ba99b2d0c413350317063ecbce4eb8334a2a4009b4b90ee036d2c3f1a3f3436ccf312f3208249bcdcda234d764367314ae61e668a980bbd11d8887f133f91d5be2761885de3894c92c92667ba7758707f8847014cd06c37193d75edfbf38bb8ca3e9a82f4302a7c00e6559b1dda737771bec873a162614f4380b4421f6b88ae689a32bc967f1175a83bc4299e96aceae545a5957214096eccbbc803e43ed889d889b6eeeeea0cc224459868171140721e1b321341829514c4f6e4e8fa669adeed21b74baa66908bb7070ea924599aeef5bcdab97a4305a7a2e2d2d821bac82eda512b7492d64a2834e701f2527e50f53e7bf3a759e92839df377ae2cebdc981f19bfdef5bb2be04e6fd4bbc6842cc388c8d8d655d16a1898f6131a941c5650fc40240a8ba0e1306bc8c308a32ed71de2d5eeccc3665894055286c807c683d3ac0853f4ad754d8432b7e59ad66dd6182781531dec76b761e73efffcf3274f2e06d5fd4d2fa3a76ac15b42dc5e5ef7b2aa5eefd6afdebd7ef9fafacdf5ddf5ddfa66737575b3dbee6598889288a0c0dc71400444353aa0522d6b2481275504357dada88435d6d7d11473f587f3c5b906ca7499be85895030dd188858299adbd75fcece97901ee0e58741ad298f35307156817438a49bcd463ecbd8cf3c9e2c175a27c0a3388ca0de409084b81168f6b44814b157aa80556f4af56157aaab3d9183ae4a2b9d929c700115b440073f9e4e2236eb6edb1f49a605fd2b8ea272b88b8821d554496cea6c3a0fc6c401a3de10f3435003e9a1b3e9e392c676754397832545b8a81abb7e1aec71e74dfa604eae0ad9db5d6ee3f8d1664bf1db48077f522bdc56d5ab6c0d2e29c5b548ffb8ede3db39792ad0bddc32fc6ffe8b9f5f7df787cdd59b04addcefea34e7e0cd8b172fbffef6e6eddbf5cdcdedbbebbffa7ffefaeb3f7c7d7d7dbb5e6fef363b3cebd01b630df0485ffdfc67abe54a8b64e36bcb9c5ac0cfd089d664d5a303132e9e5e5162e18541b3dbe2d8daaad9ef0e4378f4488fd3379bdd3ed96779b1de60d452999fa2d0bcc3a36694a9b734cd6c1acfa73196067343e3018ae6cee350237d9e984ce059599edb0a181ac9c436f9f64d314fd3a36ac207a23240c4c50a8755498004e3465bc8b9931d9607eb43d54df42e391db0e70e9ac365bae174529be1e221d94965287e2a05cbd4e9b513fdd26ac402a9aeefeee3307ef2e453cf23421ce9c383feac77d4b70ac41f30d874980e07962999a99b92e852f631791a360ae8a6c688bbca980b7bffa7dd6d07aa24d548093020149bfb75558a536ae49752343ecc25da9b2028cbdda2577f38634946022ea4fd515f2359bf7b33fc97ffedbff8bbbffdabdffced5fbff8fbbffff5bff9ebaf7ff7fbdffde6ef7ef337bffefab7bfbb7afde6eaed3b829d520be81598336c0f3a9e2d56d3f9f2c0a92abf7cf664b5ba18436989448bdcf3c7554bcfa835bb980a60ae152d43842a82250fd6badbe88d3fa84cae71ea222d80513cd5177e16abf3288e27b339a11400d2c33c454e0ded243689f561a41577a0dda1370444948019439f35ae2a2ffc808e0bd18f707f1867d8b45adc1e811a4e1eb7298aaea9ad6c03baa8e600b9b54e9dc4d4ff109b8c0a46cee4c5690edc318d41a48a6fed4f92f34aee884eff6132f46021ccd768629da1471f91d8ed77af5fbd04d567ab8bd97c35b04f5bc8f07871ef3836f3231362a38c248e0d82d2199a563d915a5d95e3603c1c05028c591db7a96455988d5b5cf53a0c093dfd7270d47ccd376fde24db039c8be0469f08d6782fade34add8848a9ab358f709833fca4721fd083f93b96c5fe7e3df8ecc913e2a8fddd2d7fd479816d21df6814427770234f2f2ebffcfc273ff9e2a75f7ef9e5679f7db65c9ec5f1ecd9b3675f7cf1c5f9f9051ee4bbafbfb9b9ba56251dd7b191625a640d96c3e69c5a4ddb880e327a4cf74a22f5c6a2409351d56eb7cb0e0981849cd300220f5c0e7828b2a2082e63cf313f6988dda80946857f93f490247b1a361cca5b894a9be1a1748d1e8952e5d026fc1ff8d580a1e246d11d439d8cbf6aae5eedac8ef4e47460e79dfefee9490fd75ca208e88e42f4c3767dbfbebd8be922714c99845a437f629f5db2d101146f237b76971886ddaf44fd8deb6894993f35b3caa0e136bbe4ff2b712326596f85f6f382b82ba94a9b1a0a60de97d32504f490a930a4ed7d29e4309fcf07e2959b5db94ffb55331d8f5bc49d24f0147f38827aee774559f5d7eb64bb2b36dbecf6e6feeef69e080840d445d994edf5bb9bcd7a2dd6756cd51e6f80ad20264279e23e24ecaabd133ed2470cc7d10c4ea38f578cf023f890611f0fdad4c722afd25d7e0043451df8e3cbf38b2f3fff4263e19acf2a961d4e88cc425a595615f68f2246741a4c4bbf47081a87012e1cb8e4873d860ad7a86971107d7a356e810d5f2b5fe839414b9be882431bfe38257ea1b632fe27abe300e4a42633e2b64749ccb43b7c9cb81dd3a3f9acd2cdb12d5b8445684098bedbda784434f6275af6c31bf7408f5eb85178712a840a88f798da00077a03689032d15b92eaaa989ca24f58d7f1f7616475eb9ad3aff5f524af8f2823bdda071c91655ba65649c390631a5da3d8b8add14315991cfbc9f2b1c512bd493c1bfe4fffdd7ff9eec5ab647b5884d193d5e258e755966926f971786c864d3b24d689268bd5f2599a35513c3fecd3b3f38be51cbae76339befdfa9bb38b27bff8d5af68545557709d224f509b0535f8acbe622d7dc6fe38847c045e71778375a0957737eff6bb0df048933c0c664da34963d3f9390ea52e21775079ac91865469055d96786f71b6048a679767655dd96092a5a117053ee2b9beba4218e002c0721ff1160af24683344daa3ca7d143bdd721ef86e73c023e3f3aea5340066fc9447d18d9a317cde3a154f100db3856b7c310d0f545eae41d204c9ad0a9e5c3352aa32b692ea23de98f8bd0424f9cb43f288b64b3dfae6fdebd79f1edb7bffac5af566797c1ecccf3e3b637ea839e516c0cc4a693aa4417816bb32cebaa4e3d3dd16a0ffb7b5a379dcd3c9c1d9ed746a5cdff76e643f557154ed5b04c940f48d40cd5065ebbdd6eb26497677b0d52f6db30866fc9fcd42d2111bd9a5eead1174703dc88de7e3ff6a511b240546a3b650cf9b11a6cd75b5a379f4ce9c1d97e1b78fdd5623e09c7b267fd4134999f9d3f253c4ab3b2a8e8431afc355f2857f8f9b34fb052dffee1ebd7fff07b2cb3988716f9b288e668434127070a59555fa95b782b9880f992037dc8454944526028cf88e1f535477226421b0d07f3f9b4ed6b3eeb2e39dcdeafb90a5e8588011abc077fa74716fbed61b723fe249c0a865a1d81ae014fdb1eb66c65950f86edf96a81894ab69b7443f45e6b3e647b4ceda3321ab8eb3a9c25d74d1f3624a5cd254c801ddb4f0afea5663b71d2dc07092f7bcc09047bbd14de4335f24293b431f8a311514fb74ad791bd743f6a145aa366b448b69dee1f2000bdb542b040ce4800569d7e54c3d3b5fa95f4a8512e295bc032040bb586eb34424bf37de85ff73a79a3384777528aa0c221bf01381a6c599028054e469da191011e653096d4e926f8534dce22c724c1016060f545adf5ed0d616fa13956aa102e49a32ffa562712a190e3eb972f7ef7bbbfcbd383a8bba7285aaf37e2621dc960236f2b54eb8889ee6859350a2237da40356541e4eab4dc695d6129b404897678e6bd4671a008fc0e1cb91d3b34841bd94b0832e2ad1690271f32a4015cc3010966ce25325d4227f4c81eb4dae4357ea54418a3f06d9e4b6271498f057f0009270d7d9074a74b66914cbb6eb3676afabe38d2efd50408799a25e99b97af5ebf7ead17abb59edcd83dd8c2d61a7a1e68f2f7d27b8742ce462e51ec8f5dfcc793ba0abc27d0e4bb3176cb9e49a76991a67ad6449e5db6549bcabbc4bf0f659d0e883ca817a0012dadec4c8d2b78f2f462368be9bd60623219afce1661e8a348f0843282d0a7cf70db66a3c9eaa88adebf5ccdc7fee0cdeb976fdfbc6a0ebb5e916b2206d64d1cde756bdb14ad68980b5a4d0e601f345036a6d2e9d20044e5840654ee120d13460783c96482d4503fde9a3fa91fbf928ff85018f22795017c0e1f5c8974b8c55cbb5e57bdbebe064961a8d74b90609ea54d558898c9f608406445221f923bfef1e43abda00344d8231c8e4cb5fc62d0517b312160481df7482f4f9332c936ebfb3cc9e773a43a19faa18cb1a791b0937374ba217f879587647feaa46625231f783d42b09ffeb4c4ed64340e43c8c6f3e79f4247eae67873b7a6fbc9e92b5115ac8494852970659878e8531f960821013cebfbebdd7e3d181e2f9faca89296cc1a102d0fc6a34114785087c924c00d61960c3c68eeb8dddee363c2601cf8a34f9f3f9fc593372f5f7efdfbdf6fef6eda226d736c43abe7e99232117b8510a1b1e851a5eafd90f170a4affb7304863847ed9de2d1b45ad8570c15f8b6d47c1872865fd737b7375757685754df64a7d91df64d1ddda2c85c1962f3e0869c74e87416c8569ff147364348ec0ca39624d9618fe235e0218aa6b0d0742f0c4955ef55485927c19db025e8d89e245600c3336aa9df10365d5cb6a76ad27dafcc9a2c21d6c25584fef8d9d3a73ffde957a0c73e9d61ce4b1f63c76719797a28c86a62890336c5eaa4baee6ca7a1fc4375fe239202025a3918ce66b3e7cf3e659b4e67d434d74b5aee51972a8fb71a6813ad7bec461f1965eb1b08b8ac32d8126e0100c1ae7ddf9bce62287955679bcd5d9e1ff405f4016a2af4e005d7e829a2c654c471349b4ed0719a1e5ebdfc862d4df6b48b52e19343191e41d834411fad519559bca316110b26033d3fd7ab3988a3ab92750e9c719961eaf1455aca0640c82098dab69638ef4e82368c9f3b83407d6f349d4cecc95d55e4298e8df37255b5d6c2c1d8dcddddec36f7742c3de5d7f3af5a8a766ec7299e74c2c70f25acc27b85e94609db991f25aa6ff9b05986741be2e1226df2747b77777b7383755d2d61cafa36aa9e598a20cb79190e60be08e7c7004186948078ba5166b918abc03f3e1d051bca3aea230dbd41309d2e2e086d9faccecf2a9bef611325a4321b381286ac586d27ebfc90f8bba50e54b75e2ea78be5140afbe9674fcf2f1667abd9c5f972b99a05a1178cfbf1348ce38038060b24ffa5d9ac479444e70ec25155e6f6e0b7ddaeef6edebe290f7b3109c22b30e1881e8d84661b43d2305ddda0fb200a6bbabb4d31ab6c35211219728986072bd49e61334006f73565c5dedea0eec184302d98fb4011b99eaee35461cae4a9b6b4f25fbe60a9d702c909c34418480c2fef9ea5f0378c0fa611dbc7fdd6cf9cbe6db3be76ea690f5d4e0788be4bea8b9d8e0d33344f14479b3261efba8d26d00c9a921ad779b6b925d87a4b2ed3f9826eaea9c03d7be5c545e98ac965833f4894a8cd594136838fcd86b0bef46338fbe389bb2c7c411f200902348927b399a6f990aaea5895fd638daee95bd04c49e387939c27b660b0d9dec7d3e0d9f38bd572068d3b1cf6f4d1bc388481a7d716c8a3c9e68b684450dc02a0da3dc622037c02a61818ad16b3cbd5b24893effef00faf5e7e8741808668228413a82833de102909415412dcc9c518fb43cd566d9b09840bd04445cddd99041a94e0321281d566b3a1db012f1cd9c5c505a5833698cd431adb3a298e8d8dc72358362c47cecbe8f86ebf05258b593c9d84d0f264bbcdf63b5b1dc6fa90e9a6db9f7ad9f7c576a4d140474d27e92d267724fc482ddc7eca4dae101a51d7797a4cb13d399419ef1cc7b3f3cbe7a330ee0c0fb9d9a0ce8f43e1a17ae2f26882ff494efe7f7ae22e0a823304433f10865a7dd205cf25908a001054d7d69d28d7f5011ac2af98006ee6fc43424f7ac17ef8dfff57bf9c84c3e56c7279be40ac4d099d240a83268cc8183e92a409cc86debd3fec51497248f22c5b2e175184c2aa34d9e161702064c83594f3f4e9a5960b93f933c05525c649cfc2d36484aff44755965ddfbccb0e0782733c2e81ba5e13f343020954029dea09f64d104565d9102d915914466b7d8dbb7c7a718921a086e0a3a92bfc16e65cb4bfa9479e0f8bbdbdbdf3031ff6744893491c7904626dbd9ccd6eae6ff062d3f98c4a8e271a7fdc1d92603a37594842daa3158d39371ad0d13951210d6fe81f70037ea8203f49d9fc2e45f2af458252425b12341afe38aeb47c6eb245147ff3ebbfd91f922f7ffa671797cf66174ff5a2963ea0ac37f40c3d981f360182ff919aca54920d37e8d444056c706fdcbaa6744453ad3aadf7cb9cd7fb20812d372e73da9f92aa6c8060c333c839609887e124e4802eaa486cbae29a86d007cf2ed6efb234c9b81cdcbfbd4105bb1df587ffc37ffdcb59ec3fbd5c3c7b72b6b9bb459904e714301842075b34042ae93cdc51b7f5349e0d87109d945f515b51a445918ded030fde5056045a875e2f2ecf145b69f176f12011655f5f9f20fa90759122f48e0461ac5ed84acb4938136dc53a8de056980fb1ec4ccb16b579a159acb40b1080e82f3efb7cb55a6eb71b5a4bad68993833b4bac876dbfd743a573437d247a62112c805d3830dc3df6deeefb9388c4253b82de738d6a70b610027bda10649477f082b3a2359c9cc38f9710e7572b72ee29f2ef5f54d4c8065d0e16f42cb4a931feaa2dcaeb3c3e6db6f5f90c3251475b1125efbbe3c97c8b2cde6e91b5cc467ed6eed4e9b40439eb8d74a4d2c33e40b651879e3c140ef891a8f79408fdd6dc9106fff7e9004447720632263aa3d1b9a8526e20108a9698b3da1e412aeb70392a1c709c472608f0f190c08c8dd703e0ee4fcfc6cb19863f589b3e2c978368b66f3683e0f17cb78369ff4db66b75957b09cfe11568beff8eaa73fbd589d854130a647137c5222cefed8cb0e499366bd2c3f66f6d19ffd1e4b9365a9acd63e29f25233c0f159eae82dc8c0af41bd411e94851cfcb1283975c41f1156d3c5717014019b063448f0b34f3ec520a1e1f1488fd5400fac88588c0b3889d6309846e97a6595d33a177341dab2e4b0bdbfbb7ef7767377d55479afd6b362274113ee0fa487b33a10843e4c1a4d270febd32a10e814e0a6ad8b6355d44d79b75e63bfc741144fe7c16406562a4cd760842ba283ea66cb53e0fbb8028f4b960da7fe1cd81ddfabc63f2ed9c89b362c1c7b6315086c188c23b4b03fec6e6fae294a945c0b6e949a09e9389ce691510d27284a6fe0ac007780212124814f645902073f3b9fcf17d30900d2e21be368e2137f41a281118d255687cc824d7ce4240c16b3395d7f73b7de6e36e0097a5b1cd4cbabd496eaa457699abc6ac63fb23fa30028945a79430f308889400f3fb1c7ad0008704323f52d41b83aa8925bd0800d7be80b713b3cda8d00516dc5536d7b80a9edb5624b381e1f767b0c3260e23cc123963f49f658c770124493003f8a0bc564f24f9de9150ed8bda9c412de124f81ec4e2c95f4a040eb8096ac17bad49d315222e8205f4c0ec45c410398861feb71ef380a17e7e7e174468459b503f47fd46ca787857994c369fb28394cb359bc6e42c08e430bc4226d00e24f4994c546b5550745ef8381c299417f14686d683a6a0951d3cbe3d5b1d4f8b8d00386c4e1a883db4b1215bd4ecdb735db17a4e50c8f432547c3bede29c2e100ca4143ac0e8d256e6f9b72368b178bd9723e9d4d6238e07abd7ef9f22544350aa2f3c5d91ca7361824bbfdf5bbabab77efee6fefdb43261be9fbfd71888da53c8d1dd97a72801548d94bcd0a16a90367f4e8ce1bc1fe41861eff02c5833e2da0795eb61024b2a3cad89be4407d1487af56ab58dfb2381662a51abfa614a40c7a1c8638a6b5fc8d7155e309d7c3f1723ad507c2c6a3a6b2970a3a7a21a872b1c9e58364d070099efb70fc8022b3eae4a0574534f915f1e2d531ea90fd5d964d97abe5c5a5174490bee360d41f479afca5d11daa249664053a943c4a0231c99d979c303f9c9493fc5e0dff91c9c04823cd02c963daa8a3b8c53088e3f97c8a94f4d69fe268fa0062cf05a09603371d1b53441781bcd36805ff83b11f3a29ebe18fa699f5f4865e38c258b085e1389e04541a5dc653ccef040d729ecbb01c576fdf61309e5e3e393b3b0bfcb10d4e6a507273bfdbde6f76bbdd312b7a05dc38c73edcdddeefd6f77b0b8bf04493c914bcd293b025182df92c5b1cc3c6f74a7c1fb5a28e800cdc509ca063633c5c0f6e96cb25460be4390fa5835e1f58cb78682e5ae9e22f773b6413bb07b208ddcb2c85c583bf3d34dc06dfb85d49b6a73b96cd73471f40c792c38ad39f54ef5e2e3623095e2bd59fb02ecfd2fbbbf5d5f5f5fe70982f576c7aa94d332d3d6212d06304aacb4b5919704fe9a144c7c1c10eedee1eb3d879da6830f8a86effa8241d811b8e00905ae7da32f4303fe1d8a7e66d9ed0a8b6cc8e7569cb7963a4f112854647f4054c1109f2a10ab23d28806a91308938197a26302460093527027b11c6f104cdb14717e80995cf29c9e62603c3ba6ed34356e51a8621ffdd660ba4fbad7c9312f947c4cf7a6e9064b06c7b7fd9a6e0a05ab242c79ce142598f2c0313689aca5045ae99d807c6f813ed90802c96893ff9c9193fdc16b961a5b897f380861af22b6e8e9ce5168fca9fb2c8908beff52e336ce496c4058e4c584505005227cd0f13670d46ee27f67a864829d8109da0a93627ee0898144e34b8f8376f5e51251ce162b99a4ce743bd02a11998e0c67007445dc1ec408943c30f267e204b25fea05077f607ebf9c7930b0a28c64a12f20cbb964fa3f7e9c81c11d9e8ebb02a4a34d3b46c05ce5eadeb044436dc6be881dd9c5d9c8767e7c16cde1b011fdf9f84a328186a4d07cd29a16d48a4dfabe7b3e8fc6c0e19825047a18fc1a753c5fadafa1033f2f9a79ffdd94fbe9a4fe2fd7a7bf50ad1bdbe79fb060ba425570710331fe671a151c8f918f74f75c466e8ed7d6a09b0d0ae939141ca27d22212dfedcc7369f45093a0691e09ac830cfa30a88aa2e0f9f3e74f9e5c808cbcccf6d96eb7dfd2603ca05c9235183ca145dda9c8400f2e86c7763cec4510772d860f7ad04a0ddba691345958704225269677119fc56319ab750092dccdfadb4f58ac5adf8819b61a61e34a3a6bb63f80ce818f0d9f44b3e5288c079e66bc0f7a7a48dc87da2932778f92949b92d06305aa0c37bf9afc3500a3a952f66474a001320cbf9b0de8788f53bf21e07d324476dbfb04661f5fedb8b39538288d83d2d38a2cd1777a8618f06cd8d483ba86c60d5af795347d268bde61e6b63d1e8fff2f380ec1c977d9580a0000000049454e44ae426082, 6000, 'Valahol', 'Magyarország', '1990-01-01 00:00:00');
INSERT INTO `enyacht_club_tag` (`member_id`, `login_id`, `nickname`, `first_name`, `last_name`, `image`, `zip_code`, `address`, `country`, `birthday`) VALUES
(4, 4, 'Benji', 'Kiss', 'Benji', NULL, 6000, 'Valahol', 'Magyarország', '1990-01-01 00:00:00'),
(5, 5, 'Szilvia', 'Halczman', 'Szilvia', NULL, 6000, 'Valahol', 'Magyarország', '1990-01-01 00:00:00');

-- --------------------------------------------------------

--
-- Tábla szerkezet ehhez a táblához `enzipcode`
--

DROP TABLE IF EXISTS `enzipcode`;
CREATE TABLE IF NOT EXISTS `enzipcode` (
  `zip_code` int(4) NOT NULL,
  `city` varchar(30) DEFAULT NULL
) ENGINE=InnoDB DEFAULT CHARSET=utf8;

--
-- A tábla adatainak kiíratása `enzipcode`
--

INSERT INTO `enzipcode` (`zip_code`, `city`) VALUES
(2067, 'Szárliget'),
(2087, 'Pilisszentiván'),
(3467, 'Ároktő'),
(3580, 'Tiszaújváros'),
(3896, 'Telkibánya'),
(4361, 'Nyírbogát'),
(4440, 'Tiszavasvári'),
(4474, 'Tiszabercel'),
(5052, 'Újszász'),
(6000, 'Kecskemét'),
(6041, 'Kerekegyháza'),
(6087, 'Dunavecse'),
(6333, 'Dunaszentbenedek'),
(6726, 'Szeged'),
(10000, 'Zágráb'),
(10381, 'Bedenica'),
(34138, 'Trieszt ');

--
-- Indexek a kiírt táblákhoz
--

--
-- A tábla indexei `endevice`
--
ALTER TABLE `endevice`
  ADD PRIMARY KEY (`device_id`),
  ADD UNIQUE KEY `render` (`renter`),
  ADD KEY `ower` (`ower`);

--
-- A tábla indexei `enlogin`
--
ALTER TABLE `enlogin`
  ADD PRIMARY KEY (`login_id`);

--
-- A tábla indexei `enmessage`
--
ALTER TABLE `enmessage`
  ADD PRIMARY KEY (`message_id`),
  ADD KEY `sender` (`sender`),
  ADD KEY `addressee` (`addressee`),
  ADD KEY `yacht_id` (`yacht_id`),
  ADD KEY `device_id` (`device_id`),
  ADD KEY `from_port` (`from_port`),
  ADD KEY `to_port` (`to_port`);

--
-- A tábla indexei `enport`
--
ALTER TABLE `enport`
  ADD PRIMARY KEY (`port_id`);

--
-- A tábla indexei `enyacht`
--
ALTER TABLE `enyacht`
  ADD PRIMARY KEY (`yacht_id`),
  ADD UNIQUE KEY `renter` (`renter`),
  ADD KEY `ower` (`ower`),
  ADD KEY `port_id` (`port_id`);

--
-- A tábla indexei `enyacht_club_tag`
--
ALTER TABLE `enyacht_club_tag`
  ADD PRIMARY KEY (`member_id`),
  ADD KEY `zip_code` (`zip_code`),
  ADD KEY `login_id` (`login_id`);

--
-- A tábla indexei `enzipcode`
--
ALTER TABLE `enzipcode`
  ADD PRIMARY KEY (`zip_code`);

--
-- Megkötések a kiírt táblákhoz
--

--
-- Megkötések a táblához `endevice`
--
ALTER TABLE `endevice`
  ADD CONSTRAINT `enDevice_ibfk_1` FOREIGN KEY (`ower`) REFERENCES `enyacht_club_tag` (`member_id`) ON DELETE CASCADE ON UPDATE CASCADE,
  ADD CONSTRAINT `enDevice_ibfk_2` FOREIGN KEY (`renter`) REFERENCES `enyacht_club_tag` (`member_id`) ON DELETE SET NULL ON UPDATE CASCADE;

--
-- Megkötések a táblához `enmessage`
--
ALTER TABLE `enmessage`
  ADD CONSTRAINT `enMessage_ibfk_1` FOREIGN KEY (`sender`) REFERENCES `enyacht_club_tag` (`member_id`) ON DELETE CASCADE ON UPDATE CASCADE,
  ADD CONSTRAINT `enMessage_ibfk_2` FOREIGN KEY (`addressee`) REFERENCES `enyacht_club_tag` (`member_id`) ON DELETE CASCADE ON UPDATE CASCADE,
  ADD CONSTRAINT `enMessage_ibfk_3` FOREIGN KEY (`yacht_id`) REFERENCES `enyacht` (`yacht_id`) ON DELETE CASCADE ON UPDATE CASCADE,
  ADD CONSTRAINT `enMessage_ibfk_4` FOREIGN KEY (`device_id`) REFERENCES `endevice` (`device_id`) ON DELETE CASCADE ON UPDATE CASCADE,
  ADD CONSTRAINT `enMessage_ibfk_5` FOREIGN KEY (`from_port`) REFERENCES `enport` (`port_id`) ON DELETE CASCADE ON UPDATE CASCADE,
  ADD CONSTRAINT `enMessage_ibfk_6` FOREIGN KEY (`to_port`) REFERENCES `enport` (`port_id`) ON DELETE CASCADE ON UPDATE CASCADE;

--
-- Megkötések a táblához `enyacht`
--
ALTER TABLE `enyacht`
  ADD CONSTRAINT `enYacht_ibfk_1` FOREIGN KEY (`ower`) REFERENCES `enyacht_club_tag` (`member_id`) ON DELETE CASCADE ON UPDATE CASCADE,
  ADD CONSTRAINT `enYacht_ibfk_2` FOREIGN KEY (`port_id`) REFERENCES `enport` (`port_id`) ON DELETE CASCADE ON UPDATE CASCADE,
  ADD CONSTRAINT `enYacht_ibfk_3` FOREIGN KEY (`renter`) REFERENCES `enyacht_club_tag` (`member_id`) ON DELETE SET NULL ON UPDATE CASCADE;

--
-- Megkötések a táblához `enyacht_club_tag`
--
ALTER TABLE `enyacht_club_tag`
  ADD CONSTRAINT `enYacht_Club_Tag_ibfk_1` FOREIGN KEY (`zip_code`) REFERENCES `enzipcode` (`zip_code`) ON DELETE CASCADE ON UPDATE CASCADE,
  ADD CONSTRAINT `enYacht_Club_Tag_ibfk_2` FOREIGN KEY (`login_id`) REFERENCES `enlogin` (`login_id`) ON DELETE CASCADE ON UPDATE CASCADE;

/*!40101 SET CHARACTER_SET_CLIENT=@OLD_CHARACTER_SET_CLIENT */;
/*!40101 SET CHARACTER_SET_RESULTS=@OLD_CHARACTER_SET_RESULTS */;
/*!40101 SET COLLATION_CONNECTION=@OLD_COLLATION_CONNECTION */;
